T_air,sol_dir,sol_diff
-4.6,0,0
-3.0,0,0
-1.7,0,0
-1.6,0,0
-1.5,0,0
-1.4,0,0
-1.3,0,0
-0.9,0,0
-0.4,0,1
-0.1,0,22
0.3,15,71
0.8,20,99
1.2,1,79
1.4,0,49
1.4,0,18
1.4,0,5
1.3,0,0
1.4,0,0
1.6,0,0
1.7,0,0
1.7,0,0
1.9,0,0
2.7,0,0
3.5,0,0
3.5,0,0
3.6,0,0
3.6,0,0
3.3,0,0
3.1,0,0
3.1,0,0
3.3,0,0
3.3,0,0
3.3,0,5
3.4,10,37
3.7,0,46
3.8,1,71
3.6,0,54
3.7,0,63
3.8,0,26
4.0,0,10
3.9,0,0
3.3,0,0
4.0,0,0
4.2,0,0
3.9,0,0
3.8,0,0
4.1,0,0
4.2,0,0
4.3,0,0
4.4,0,0
4.4,0,0
4.5,0,0
4.6,0,0
4.8,0,0
4.7,0,0
4.6,0,0
4.8,0,0
5.0,0,32
5.4,0,48
5.8,0,48
6.3,0,42
6.8,0,48
6.7,0,38
6.6,0,12
6.5,0,0
6.6,0,0
6.7,0,0
6.8,0,0
6.5,0,0
6.4,0,0
6.3,0,0
6.0,0,0
5.8,0,0
5.7,0,0
5.9,0,0
5.6,0,0
5.9,0,0
5.8,0,0
5.7,0,0
5.2,0,0
5.2,0,1
5.4,0,18
5.4,0,19
5.7,0,29
5.9,0,42
5.9,0,36
5.8,0,32
5.4,0,13
5.4,0,0
5.2,0,0
5.1,0,0
4.7,0,0
4.5,0,0
4.7,0,0
4.8,0,0
5.2,0,0
5.7,0,0
5.7,0,0
6.2,0,0
5.9,0,0
5.2,0,0
4.8,0,0
4.3,0,0
4.0,0,0
3.8,3,9
3.7,48,43
3.9,112,67
4.7,137,88
5.4,93,108
5.4,50,103
5.3,32,73
4.9,6,27
3.4,0,0
2.3,0,0
2.1,0,0
1.2,0,0
0.6,0,0
0.6,0,0
0.1,0,0
0.0,0,0
-0.5,0,0
-0.4,0,0
-1.2,0,0
-1.2,0,0
-1.0,0,0
-1.2,0,0
-1.3,0,0
-1.4,0,0
-1.0,4,7
0.1,3,33
1.0,104,49
2.3,177,56
3.9,184,60
4.5,146,63
4.5,80,55
4.0,14,27
3.1,0,0
2.7,0,0
2.2,0,0
1.8,0,0
1.8,0,0
1.9,0,0
2.5,0,0
3.1,0,0
3.4,0,0
3.4,0,0
3.4,0,0
3.1,0,0
3.8,0,0
4.2,0,0
4.4,0,0
4.3,0,0
4.5,0,4
4.8,0,30
5.2,1,60
5.5,0,74
6.6,35,127
6.9,40,118
7.0,22,82
6.7,0,23
6.5,0,0
6.2,0,0
5.1,0,0
4.4,0,0
3.7,0,0
3.3,0,0
3.5,0,0
3.0,0,0
1.5,0,0
1.3,0,0
0.9,0,0
0.9,0,0
0.9,0,0
0.6,0,0
0.6,0,0
0.4,0,0
0.4,4,9
0.8,51,44
2.0,112,71
3.5,150,88
5.1,130,100
5.4,31,103
5.6,0,54
5.5,0,13
5.3,0,0
5.2,0,0
5.4,0,0
5.2,0,0
5.2,0,0
5.3,0,0
5.2,0,0
5.1,0,0
5.0,0,0
5.1,0,0
4.7,0,0
4.4,0,0
4.4,0,0
4.5,0,0
4.4,0,0
4.6,0,0
4.8,1,8
4.7,6,40
5.2,0,53
5.4,0,67
5.6,1,82
5.6,0,64
5.5,1,56
5.1,0,23
3.9,0,0
3.8,0,0
3.5,0,0
3.6,0,0
3.3,0,0
3.6,0,0
3.5,0,0
3.3,0,0
2.9,0,0
2.4,0,0
1.9,0,0
0.6,0,0
0.5,0,0
0.0,0,0
0.1,0,0
0.0,0,0
0.2,0,9
0.8,9,46
1.6,0,54
2.2,0,48
2.4,0,33
2.8,0,26
3.0,0,22
2.8,0,7
2.5,0,0
2.0,0,0
1.6,0,0
1.4,0,0
1.3,0,0
1.3,0,0
1.1,0,0
1.0,0,0
1.0,0,0
0.9,0,0
0.9,0,0
0.5,0,0
0.2,0,0
0.1,0,0
-0.1,0,0
0.0,0,0
0.0,0,3
0.0,26,48
0.4,92,70
1.4,121,99
2.6,139,102
2.7,117,95
2.6,47,78
1.5,12,35
0.2,0,1
-0.8,0,0
-1.6,0,0
-2.2,0,0
-2.5,0,0
-2.6,0,0
-2.7,0,0
-2.1,0,0
-2.1,0,0
-1.9,0,0
-2.5,0,0
-3.2,0,0
-2.6,0,0
-2.8,0,0
-3.2,0,0
-3.6,0,0
-4.1,3,10
-3.3,47,49
-2.5,107,79
-1.0,139,99
0.7,141,105
1.6,113,99
1.5,58,79
0.8,7,34
-0.2,0,1
-1.0,0,0
-0.8,0,0
-1.1,0,0
-1.5,0,0
-2.1,0,0
-2.5,0,0
-2.6,0,0
-3.3,0,0
-3.5,0,0
-3.7,0,0
-4.1,0,0
-4.3,0,0
-4.2,0,0
-4.4,0,0
-5.1,0,0
-5.3,0,10
-4.7,49,44
-3.7,116,69
-2.4,154,85
-0.9,157,91
-0.8,133,86
-1.2,80,71
-1.5,14,37
-2.5,0,3
-3.5,0,0
-4.2,0,0
-4.1,0,0
-4.9,0,0
-5.5,0,0
-5.9,0,0
-4.9,0,0
-4.6,0,0
-4.2,0,0
-4.0,0,0
-3.7,0,0
-3.4,0,0
-3.3,0,0
-2.9,0,0
-2.7,0,0
-2.5,0,7
-2.1,15,37
-1.7,1,62
-1.3,0,52
-1.1,0,40
-0.9,0,30
-0.9,0,23
-0.9,0,9
-1.1,0,0
-1.1,0,0
-1.2,0,0
-1.2,0,0
-1.2,0,0
-1.1,0,0
-1.1,0,0
-1.2,0,0
-1.1,0,0
-1.0,0,0
-1.0,0,0
-1.2,0,0
-1.4,0,0
-1.8,0,0
-2.0,0,0
-2.0,0,0
-1.7,0,11
-1.2,9,54
-0.9,1,63
-0.5,0,41
-0.5,0,29
-0.3,0,32
-0.2,0,24
-0.1,0,11
-0.2,0,0
-0.2,0,0
-0.4,0,0
-0.7,0,0
-1.6,0,0
-2.8,0,0
-3.3,0,0
-3.2,0,0
-3.7,0,0
-4.1,0,0
-3.9,0,0
-2.7,0,0
-2.0,0,0
-1.4,0,0
-0.8,0,0
-0.5,0,0
0.0,0,8
0.3,8,40
0.8,0,44
1.3,0,40
1.7,0,58
1.9,0,44
2.2,0,34
2.4,0,11
2.7,0,1
2.8,0,0
3.1,0,0
3.5,0,0
3.7,0,0
4.0,0,0
4.3,0,0
4.5,0,0
4.5,0,0
4.6,0,0
5.0,0,0
5.2,0,0
5.4,0,0
5.8,0,0
6.0,0,0
6.2,0,0
6.3,0,1
6.5,0,11
6.6,0,22
6.8,0,28
7.1,0,27
7.3,0,23
7.3,0,17
7.3,0,6
7.4,0,1
7.4,0,0
7.5,0,0
7.7,0,0
7.7,0,0
7.4,0,0
7.3,0,0
6.8,0,0
6.8,0,0
6.7,0,0
6.5,0,0
6.4,0,0
6.6,0,0
6.0,0,0
5.6,0,0
5.7,0,0
3.6,3,12
3.2,4,44
2.7,0,61
3.4,117,89
5.6,222,54
5.9,86,99
5.5,0,39
5.2,0,7
4.4,0,1
3.7,0,0
2.7,0,0
2.4,0,0
2.1,0,0
1.6,0,0
1.7,0,0
1.1,0,0
1.1,0,0
0.8,0,0
0.4,0,0
-0.2,0,0
-0.5,0,0
-1.1,0,0
-1.0,0,0
-1.4,0,0
-1.3,5,13
-0.9,88,34
0.5,185,38
1.9,216,48
2.1,99,111
2.6,9,100
2.4,2,65
2.4,10,43
1.6,0,3
0.5,0,0
-0.3,0,0
-0.7,0,0
-0.8,0,0
-1.2,0,0
-1.9,0,0
-2.2,0,0
-3.0,0,0
-2.6,0,0
-2.5,0,0
-0.8,0,0
-0.6,0,0
0.1,0,0
0.8,0,0
1.3,0,0
2.5,0,2
2.6,0,20
3.1,0,35
3.4,0,32
3.3,0,26
3.6,0,53
3.9,0,43
4.2,0,6
4.3,0,0
4.3,0,0
4.1,0,0
4.1,0,0
4.2,0,0
4.5,0,0
4.3,0,0
4.2,0,0
4.2,0,0
4.2,0,0
3.6,0,0
3.8,0,0
3.9,0,0
3.2,0,0
0.8,0,0
0.5,0,0
-0.5,0,8
-0.2,33,49
-0.3,122,59
0.4,130,85
0.7,138,92
0.4,123,86
-0.2,108,65
-0.3,28,47
-1.9,1,9
-2.4,0,0
-2.9,0,0
-3.1,0,0
-3.9,0,0
-4.0,0,0
-3.5,0,0
-3.3,0,0
-3.3,0,0
-3.5,0,0
-3.8,0,0
-3.8,0,0
-3.7,0,0
-3.1,0,0
-3.0,0,0
-3.2,0,0
-3.4,0,4
-3.3,0,28
-3.0,0,56
-2.3,0,69
-1.9,0,42
-1.7,0,28
-1.5,0,47
-1.7,0,29
-2.1,0,5
-2.4,0,0
-2.5,0,0
-2.7,0,0
-3.4,0,0
-3.8,0,0
-4.2,0,0
-4.5,0,0
-5.1,0,0
-5.7,0,0
-6.8,0,0
-7.5,0,0
-8.1,0,0
-8.5,0,0
-8.7,0,0
-9.1,0,0
-9.3,7,13
-8.3,47,47
-6.9,156,43
-5.4,207,46
-4.0,229,46
-3.0,181,60
-3.1,125,57
-3.5,38,46
-4.7,0,10
-6.1,0,0
-6.7,0,0
-7.2,0,0
-8.3,0,0
-7.7,0,0
-7.7,0,0
-7.7,0,0
-7.6,0,0
-7.4,0,0
-7.6,0,0
-8.1,0,0
-6.8,0,0
-6.3,0,0
-6.1,0,0
-6.0,0,0
-5.5,1,11
-5.1,3,43
-4.4,15,83
-4.0,119,82
-1.8,136,83
-2.2,42,108
-3.0,109,52
-3.6,42,38
-4.1,0,8
-5.3,0,0
-6.1,0,0
-6.5,0,0
-7.2,0,0
-7.7,0,0
-8.9,0,0
-8.8,0,0
-10.6,0,0
-10.8,0,0
-11.2,0,0
-11.9,0,0
-11.8,0,0
-13.7,0,0
-12.5,0,0
-12.1,0,0
-11.7,14,18
-11.1,97,61
-9.0,143,91
-6.2,41,134
-5.0,0,84
-3.8,0,74
-2.8,0,49
-2.9,0,23
-2.9,0,1
-3.3,0,0
-3.4,0,0
-3.6,0,0
-4.1,0,0
-5.5,0,0
-6.0,0,0
-5.9,0,0
-4.2,0,0
-3.2,0,0
-2.1,0,0
-1.9,0,0
-1.8,0,0
-1.8,0,0
-1.4,0,0
-0.7,0,0
0.1,0,14
0.6,2,56
1.0,0,56
1.3,0,48
1.4,0,47
1.4,0,41
1.5,0,35
1.7,0,18
1.7,0,1
1.8,0,0
2.1,0,0
2.3,0,0
2.4,0,0
2.9,0,0
3.0,0,0
3.2,0,0
3.4,0,0
3.4,0,0
3.3,0,0
3.2,0,0
3.0,0,0
2.9,0,0
2.5,0,0
2.1,0,0
1.9,0,13
2.0,1,48
1.9,0,37
1.8,0,35
2.4,0,40
2.6,0,37
2.7,0,29
2.3,0,16
2.6,0,2
2.5,0,0
2.4,0,0
2.3,0,0
2.2,0,0
2.1,0,0
1.3,0,0
0.3,0,0
-0.8,0,0
-1.7,0,0
-2.4,0,0
-2.4,0,0
-2.5,0,0
-2.6,0,0
-2.8,0,0
-3.1,0,0
-3.2,7,19
-2.9,26,66
-3.1,13,99
-2.8,2,91
-2.6,0,66
-1.9,0,53
-1.6,0,40
-1.8,0,25
-2.4,0,7
-2.6,0,0
-3.1,0,0
-3.3,0,0
-3.4,0,0
-3.4,0,0
-3.3,0,0
-3.5,0,0
-3.8,0,0
-4.1,0,0
-4.3,0,0
-4.3,0,0
-4.6,0,0
-4.9,0,0
-6.2,0,0
-6.2,0,0
-7.0,3,20
-6.1,10,66
-5.4,2,85
-4.3,0,73
-3.8,0,58
-3.4,0,39
-3.6,0,37
-3.7,0,30
-3.9,0,5
-3.7,0,0
-3.6,0,0
-3.2,0,0
-3.2,0,0
-3.4,0,0
-3.5,0,0
-3.6,0,0
-3.9,0,0
-4.0,0,0
-4.0,0,0
-4.0,0,0
-4.6,0,0
-5.3,0,0
-5.4,0,0
-4.6,0,0
-4.0,0,12
-3.2,0,41
-2.2,0,40
-1.7,0,38
-1.2,0,77
-0.8,0,36
-0.5,0,29
-0.1,0,19
0.2,0,3
0.5,0,0
0.9,0,0
1.3,0,0
1.5,0,0
1.8,0,0
2.1,0,0
2.4,0,0
2.5,0,0
2.7,0,0
2.7,0,0
3.1,0,0
3.3,0,0
3.5,0,0
3.9,0,0
4.0,0,0
4.2,0,13
4.4,0,42
4.9,0,61
5.3,0,44
5.7,0,47
5.7,0,53
5.6,0,27
5.1,0,31
4.3,1,13
3.0,0,0
2.7,0,0
2.0,0,0
1.3,0,0
1.3,0,0
0.9,0,0
1.8,0,0
2.0,0,0
2.1,0,0
2.0,0,0
2.0,0,0
2.0,0,0
1.4,0,0
1.1,0,0
0.6,0,0
0.8,30,25
1.6,127,47
2.9,221,57
4.0,253,72
4.2,186,120
4.9,87,148
4.6,29,116
4.4,12,72
3.1,3,22
1.9,0,0
1.2,0,0
0.9,0,0
0.4,0,0
-0.2,0,0
-1.0,0,0
-1.5,0,0
-1.1,0,0
-1.0,0,0
-0.3,0,0
-0.4,0,0
-0.3,0,0
-0.1,0,0
0.2,0,0
0.4,0,0
0.7,0,9
1.0,0,34
1.5,0,67
1.7,0,58
2.0,0,60
2.3,0,68
2.5,0,54
2.7,0,14
2.6,0,3
2.2,0,0
2.4,0,0
2.9,0,0
3.2,0,0
3.4,0,0
3.4,0,0
3.6,0,0
3.7,0,0
3.7,0,0
3.7,0,0
3.6,0,0
3.2,0,0
2.6,0,0
2.0,0,0
1.9,0,0
1.9,17,22
2.1,8,72
2.7,20,112
3.5,27,137
4.5,88,147
4.3,32,135
4.1,0,81
4.4,20,71
3.2,1,21
2.4,0,0
2.4,0,0
1.9,0,0
1.2,0,0
0.2,0,0
0.4,0,0
0.3,0,0
-0.3,0,0
0.0,0,0
0.3,0,0
0.0,0,0
-0.2,0,0
0.1,0,0
0.2,0,0
0.5,0,0
0.7,4,29
1.3,4,78
2.0,0,87
2.4,0,62
2.8,0,72
3.1,0,62
3.4,0,58
3.0,0,46
2.4,0,8
2.3,0,0
2.2,0,0
2.2,0,0
2.0,0,0
1.9,0,0
1.7,0,0
1.6,0,0
1.4,0,0
1.0,0,0
0.7,0,0
-0.5,0,0
-1.3,0,0
-2.0,0,0
-2.2,0,0
-2.7,0,0
-2.3,41,26
-0.9,133,55
0.6,225,68
1.9,279,76
2.8,291,81
3.1,254,83
2.8,184,80
1.9,95,61
0.5,10,25
-0.8,0,0
-1.7,0,0
-2.8,0,0
-3.5,0,0
-4.2,0,0
-4.9,0,0
-5.4,0,0
-5.6,0,0
-5.7,0,0
-5.8,0,0
-6.2,0,0
-6.4,0,0
-6.6,0,0
-6.6,0,0
-6.7,0,0
-6.2,35,31
-4.7,116,70
-2.4,194,93
-0.5,245,108
0.9,255,114
1.7,233,109
1.4,169,98
0.6,87,71
-0.7,12,27
-1.8,0,0
-2.2,0,0
-2.5,0,0
-3.2,0,0
-3.9,0,0
-4.4,0,0
-5.0,0,0
-5.7,0,0
-6.3,0,0
-6.7,0,0
-7.2,0,0
-7.7,0,0
-7.9,0,0
-8.0,0,0
-8.3,0,0
-7.7,40,30
-5.9,126,66
-3.4,208,86
-1.4,264,98
0.2,277,103
1.3,252,98
1.4,189,87
0.6,97,68
-1.1,16,28
-2.2,0,0
-2.9,0,0
-3.5,0,0
-3.8,0,0
-4.4,0,0
-4.8,0,0
-5.1,0,0
-5.1,0,0
-4.6,0,0
-5.6,0,0
-5.3,0,0
-5.3,0,0
-5.6,0,0
-6.5,0,0
-6.0,0,0
-5.7,44,31
-4.1,132,65
-2.7,212,85
-1.3,263,96
0.0,275,102
0.9,252,97
1.5,193,85
1.0,99,67
0.0,19,29
-0.9,0,0
-1.1,0,0
-1.7,0,0
-2.3,0,0
-2.3,0,0
-2.4,0,0
-2.3,0,0
-2.6,0,0
-2.9,0,0
-2.3,0,0
-2.1,0,0
-2.0,0,0
-2.0,0,0
-1.9,0,0
-2.3,0,0
-3.2,35,41
-2.6,110,89
-0.9,182,124
0.9,232,143
2.0,246,148
3.0,224,140
3.3,158,120
2.9,56,91
2.3,0,24
1.1,0,0
1.3,0,0
1.2,0,0
1.3,0,0
1.6,0,0
2.0,0,0
1.8,0,0
1.8,0,0
1.9,0,0
2.5,0,0
2.7,0,0
2.5,0,0
2.4,0,0
2.8,0,0
3.2,0,1
3.8,0,23
4.6,0,58
5.2,0,59
4.9,0,56
4.8,0,61
4.6,0,52
4.6,0,42
4.5,0,26
4.6,0,7
4.6,0,0
4.7,0,0
5.0,0,0
5.1,0,0
4.9,0,0
4.9,0,0
4.8,0,0
3.9,0,0
2.9,0,0
2.7,0,0
2.7,0,0
2.5,0,0
2.3,0,0
2.3,0,0
2.7,0,2
2.9,17,38
3.9,115,88
5.3,193,122
6.4,233,140
6.8,215,151
6.4,114,178
6.9,131,129
6.1,94,85
4.8,22,36
3.2,0,0
2.7,0,0
2.0,0,0
1.3,0,0
1.5,0,0
1.3,0,0
0.6,0,0
-0.4,0,0
-1.0,0,0
-0.4,0,0
0.5,0,0
0.7,0,0
1.0,0,0
1.3,0,0
1.3,0,0
1.5,0,17
2.1,0,53
3.2,0,51
4.2,0,47
5.0,0,43
6.2,0,36
7.5,0,34
9.0,0,24
9.7,0,10
9.3,0,0
9.1,0,0
7.1,0,0
6.3,0,0
5.2,0,0
5.0,0,0
4.6,0,0
4.5,0,0
4.1,0,0
3.3,0,0
2.9,0,0
3.4,0,0
3.1,0,0
3.1,0,0
2.8,0,2
3.3,0,32
3.0,0,52
2.5,0,54
2.5,0,55
3.1,0,64
3.1,0,56
0.6,0,54
1.7,10,81
2.1,2,32
1.9,0,0
1.2,0,0
0.9,0,0
0.6,0,0
0.5,0,0
0.0,0,0
-0.5,0,0
-1.3,0,0
-1.9,0,0
-2.4,0,0
-2.5,0,0
-2.3,0,0
-2.3,0,0
-2.2,0,0
-2.2,0,3
-2.1,6,49
-1.6,18,120
-0.9,14,157
-0.5,0,110
-0.3,0,79
-0.2,0,58
-0.3,0,72
-0.3,0,44
-0.7,0,18
-0.8,0,0
-1.3,0,0
-1.5,0,0
-1.5,0,0
-1.9,0,0
-2.1,0,0
-2.1,0,0
-2.3,0,0
-2.6,0,0
-3.0,0,0
-4.6,0,0
-5.3,0,0
-5.7,0,0
-5.9,0,0
-6.2,0,6
-5.6,28,45
-3.2,49,102
-1.1,104,141
0.4,207,137
2.5,197,155
2.6,129,169
3.3,66,149
2.9,24,101
2.3,0,37
1.5,0,2
1.2,0,0
0.9,0,0
0.8,0,0
0.9,0,0
1.1,0,0
1.3,0,0
1.2,0,0
1.1,0,0
0.4,0,0
0.2,0,0
0.4,0,0
0.6,0,0
0.8,0,0
0.8,0,0
1.2,0,15
1.4,0,31
0.9,0,84
1.2,10,124
1.3,0,115
2.3,0,91
2.8,0,70
3.6,0,67
2.1,0,16
1.7,0,0
1.5,0,0
0.6,0,0
0.9,0,0
0.3,0,0
-0.2,0,0
0.1,0,0
0.3,0,0
0.3,0,0
0.2,0,0
0.3,0,0
0.4,0,0
0.4,0,0
0.2,0,0
-0.7,0,4
-0.4,13,44
-0.3,16,94
-0.4,69,136
-0.3,116,153
-0.6,11,156
-0.1,74,160
-0.2,31,136
-1.2,6,84
-0.7,7,44
-0.6,0,1
-0.5,0,0
0.1,0,0
0.5,0,0
0.3,0,0
-0.2,0,0
-1.2,0,0
-1.2,0,0
-1.1,0,0
-0.9,0,0
-1.0,0,0
-1.1,0,0
-1.7,0,0
-2.7,0,0
-3.0,3,10
-2.3,67,48
-0.9,146,77
0.6,128,133
1.7,66,176
2.1,15,167
2.2,11,150
3.0,56,146
2.5,35,103
1.9,17,54
1.6,0,5
1.3,0,0
1.1,0,0
1.1,0,0
1.0,0,0
0.8,0,0
0.5,0,0
-0.1,0,0
0.4,0,0
0.6,0,0
0.5,0,0
0.4,0,0
0.4,0,0
0.2,0,0
0.4,0,6
0.5,0,36
0.6,0,47
0.9,0,77
1.3,0,79
1.9,0,114
3.5,0,116
3.6,0,70
3.8,0,50
3.6,0,22
3.4,0,2
3.6,0,0
3.7,0,0
4.6,0,0
5.0,0,0
5.0,0,0
5.2,0,0
4.2,0,0
3.6,0,0
3.0,0,0
2.0,0,0
1.1,0,0
0.5,0,0
0.3,0,0
0.7,0,7
1.5,0,39
1.9,5,97
2.6,7,135
3.5,28,191
4.9,109,224
5.6,55,197
5.9,53,171
5.8,63,126
5.1,6,54
4.4,0,4
3.6,0,0
3.5,0,0
3.6,0,0
3.6,0,0
3.2,0,0
2.6,0,0
2.7,0,0
3.4,0,0
3.4,0,0
2.9,0,0
2.7,0,0
2.7,0,0
2.5,0,0
2.5,0,12
2.7,20,68
3.6,31,130
4.6,7,138
5.1,11,174
5.7,21,196
5.6,3,140
5.0,0,70
4.8,0,55
4.4,0,33
4.2,0,5
3.9,0,0
3.5,0,0
3.1,0,0
2.6,0,0
2.3,0,0
2.5,0,0
2.6,0,0
2.7,0,0
2.4,0,0
2.2,0,0
1.6,0,0
1.6,0,0
1.4,0,0
1.4,0,10
1.4,32,54
1.8,19,106
1.5,5,123
1.3,0,115
2.0,7,155
3.1,45,175
3.2,0,103
3.0,17,102
3.3,38,53
2.4,0,6
1.7,0,0
1.4,0,0
1.5,0,0
1.6,0,0
1.8,0,0
1.4,0,0
1.2,0,0
1.2,0,0
1.1,0,0
0.8,0,0
0.8,0,0
0.4,0,0
0.2,0,0
0.5,0,11
0.8,5,63
1.3,7,118
1.9,3,137
2.0,1,141
2.5,13,200
3.4,2,145
3.2,6,144
1.7,1,87
1.6,0,31
0.9,0,2
0.7,0,0
0.5,0,0
0.1,0,0
0.1,0,0
0.1,0,0
0.1,0,0
-0.1,0,0
-0.3,0,0
-0.4,0,0
-1.2,0,0
-1.5,0,0
-1.6,0,0
-1.3,0,0
-0.7,1,13
-0.3,14,76
0.0,9,126
0.8,16,180
1.2,0,120
1.7,0,124
1.0,0,110
2.4,4,139
1.5,11,122
2.0,5,61
1.3,0,4
1.0,0,0
0.7,0,0
0.5,0,0
0.5,0,0
0.4,0,0
0.4,0,0
0.5,0,0
0.5,0,0
0.2,0,0
-0.2,0,0
-0.5,0,0
-1.0,0,0
-1.5,0,0
-1.4,3,15
-0.9,39,79
0.4,42,139
1.5,33,183
2.6,46,217
3.5,68,236
4.8,105,233
4.7,52,184
4.2,39,131
3.8,15,67
3.5,0,7
3.0,0,0
2.7,0,0
2.7,0,0
2.8,0,0
2.1,0,0
1.6,0,0
0.7,0,0
0.6,0,0
0.5,0,0
0.5,0,0
0.8,0,0
1.1,0,0
1.4,0,0
1.5,0,5
1.9,0,29
2.6,0,50
3.5,0,75
4.2,0,79
4.8,0,104
5.4,0,91
5.8,0,87
6.1,0,82
6.3,0,18
6.2,0,0
6.0,0,0
5.9,0,0
5.7,0,0
5.8,0,0
6.0,0,0
6.1,0,0
6.3,0,0
6.0,0,0
5.9,0,0
5.6,0,0
5.5,0,0
5.0,0,0
4.6,0,0
3.6,19,14
4.3,117,58
6.2,231,80
8.6,325,94
10.7,388,102
11.8,402,107
12.7,375,106
13.1,301,101
12.8,191,88
11.4,68,62
9.4,3,13
8.7,0,0
8.5,0,0
7.8,0,0
8.0,0,0
7.5,0,0
7.2,0,0
6.3,0,0
6.6,0,0
6.6,0,0
7.2,0,0
7.0,0,0
6.1,0,0
5.2,0,0
4.1,19,15
5.2,126,57
7.5,236,80
7.9,220,136
8.4,36,193
9.6,138,209
9.9,255,162
10.6,176,154
10.7,146,108
9.7,81,60
7.6,8,13
6.2,0,0
5.3,0,0
4.9,0,0
4.2,0,0
4.7,0,0
5.1,0,0
5.0,0,0
5.2,0,0
5.5,0,0
6.0,0,0
6.5,0,0
6.4,0,0
6.2,0,0
5.5,0,12
5.5,0,53
6.2,0,57
6.0,0,55
6.4,0,81
6.6,0,74
7.0,0,82
7.0,0,74
7.2,0,65
7.1,0,24
7.2,0,3
7.4,0,0
7.6,0,0
7.3,0,0
6.8,0,0
6.2,0,0
5.8,0,0
5.7,0,0
6.1,0,0
6.6,0,0
7.1,0,0
7.3,0,0
7.9,0,0
8.4,0,0
4.7,0,7
4.9,0,50
5.3,2,127
6.4,3,156
7.1,0,109
7.9,0,49
7.7,0,63
7.2,0,82
7.4,0,56
6.8,0,28
6.9,0,2
6.5,0,0
6.2,0,0
5.3,0,0
5.0,0,0
5.6,0,0
4.7,0,0
4.9,0,0
4.7,0,0
4.6,0,0
4.7,0,0
5.2,0,0
5.6,0,0
4.9,0,0
5.0,0,14
5.3,0,58
7.5,0,83
8.9,49,125
7.5,0,104
8.3,19,163
8.8,0,104
8.7,39,130
8.0,58,81
7.7,0,34
7.3,0,6
7.0,0,0
6.7,0,0
7.3,0,0
7.4,0,0
7.5,0,0
7.3,0,0
6.2,0,0
5.8,0,0
5.2,0,0
4.5,0,0
4.3,0,0
4.4,0,0
4.4,0,0
4.8,1,26
5.6,11,87
6.8,25,145
7.7,55,190
8.7,92,216
9.1,64,223
9.2,0,137
8.9,3,145
7.0,0,93
5.5,0,57
5.4,0,1
4.5,0,0
4.4,0,0
3.6,0,0
3.4,0,0
3.0,0,0
2.5,0,0
2.8,0,0
2.1,0,0
2.2,0,0
1.7,0,0
2.4,0,0
2.4,0,0
2.4,0,0
2.6,3,28
2.7,11,81
2.8,9,122
3.5,1,130
3.9,9,178
5.0,6,174
6.7,155,167
8.0,194,122
4.4,14,118
0.7,0,14
0.7,0,1
0.6,0,0
0.9,0,0
0.8,0,0
0.8,0,0
0.7,0,0
0.8,0,0
0.8,0,0
0.1,0,0
-0.6,0,0
-1.2,0,0
-1.7,0,0
-1.4,0,0
-1.5,0,0
-1.9,29,32
-0.7,35,95
1.1,199,106
2.2,389,75
3.2,440,80
4.3,211,213
4.2,198,203
5.7,238,146
5.7,195,104
3.9,76,80
2.6,2,20
1.3,0,0
0.4,0,0
0.2,0,0
-0.6,0,0
-0.8,0,0
-0.2,0,0
0.0,0,0
0.7,0,0
1.1,0,0
1.2,0,0
1.0,0,0
1.4,0,0
1.7,0,0
1.7,0,26
2.5,1,69
3.7,0,89
4.7,6,167
5.5,30,227
6.6,65,260
7.0,5,182
6.8,0,134
6.6,0,80
6.7,0,48
6.6,0,8
6.0,0,0
6.2,0,0
6.3,0,0
6.1,0,0
5.9,0,0
6.1,0,0
6.2,0,0
6.1,0,0
6.1,0,0
6.3,0,0
6.2,0,0
5.8,0,0
5.8,0,1
5.9,2,35
6.4,6,99
7.0,4,139
7.8,43,244
9.6,50,282
10.9,10,226
10.6,0,138
10.6,0,59
10.2,0,49
9.8,0,36
9.4,0,4
9.0,0,0
8.9,0,0
8.3,0,0
8.1,0,0
7.8,0,0
7.6,0,0
7.4,0,0
7.0,0,0
6.8,0,0
6.5,0,0
6.4,0,0
6.2,0,0
6.0,0,2
6.1,0,16
6.6,0,57
7.2,0,102
7.6,0,133
7.9,0,158
8.6,0,149
8.7,0,103
8.7,0,110
9.3,12,154
9.3,22,116
8.7,0,17
7.4,0,0
6.5,0,0
5.9,0,0
5.8,0,0
5.1,0,0
4.7,0,0
4.2,0,0
4.1,0,0
3.6,0,0
3.3,0,0
3.0,0,0
2.8,0,0
2.7,0,3
3.2,28,41
5.2,127,89
7.9,245,116
9.5,328,136
10.7,299,186
11.7,83,250
11.2,3,173
11.0,11,171
11.2,69,160
10.5,40,99
9.8,0,22
9.1,0,0
8.5,0,0
8.3,0,0
6.7,0,0
5.8,0,0
5.4,0,0
5.2,0,0
4.6,0,0
4.6,0,0
5.0,0,0
5.0,0,0
4.5,0,0
4.2,0,4
5.4,46,45
7.4,163,79
10.5,280,99
11.9,372,111
13.1,411,122
13.7,403,138
14.7,387,134
15.0,320,124
15.1,200,118
13.7,85,90
12.3,5,30
10.9,0,0
10.6,0,0
10.1,0,0
9.6,0,0
9.0,0,0
9.2,0,0
9.0,0,0
8.8,0,0
8.3,0,0
7.6,0,0
7.4,0,0
7.2,0,0
6.8,0,3
7.7,48,43
9.1,186,67
11.4,247,103
10.8,18,187
11.8,2,177
12.2,67,241
12.9,67,228
12.4,45,197
11.8,15,139
10.6,11,91
9.9,4,31
8.5,0,0
8.0,0,0
8.4,0,0
7.9,0,0
7.5,0,0
7.7,0,0
6.3,0,0
6.0,0,0
6.6,0,0
7.0,0,0
7.6,0,0
8.1,0,0
7.8,6,7
8.1,74,28
8.8,17,96
6.5,0,83
6.2,20,176
6.8,151,189
8.7,419,64
9.2,44,200
8.9,4,148
9.7,0,80
7.4,0,62
8.5,0,6
6.9,0,0
7.2,0,0
6.2,0,0
5.7,0,0
5.9,0,0
6.4,0,0
6.9,0,0
7.0,0,0
6.8,0,0
6.9,0,0
7.2,0,0
6.8,0,0
4.8,0,4
4.6,6,44
5.1,3,93
4.6,0,91
5.0,16,190
6.8,67,240
8.0,121,255
8.9,57,231
9.3,97,212
9.7,67,163
9.0,47,105
5.5,0,12
5.1,0,0
5.1,0,0
4.9,0,0
4.8,0,0
4.7,0,0
3.9,0,0
3.6,0,0
3.8,0,0
3.1,0,0
2.9,0,0
2.7,0,0
3.4,0,0
2.2,0,5
2.9,24,47
4.4,39,110
6.4,43,163
7.5,5,169
7.5,0,114
7.3,0,60
7.1,0,79
7.0,10,166
8.8,198,118
8.6,21,96
8.0,8,33
7.7,0,0
6.9,0,0
6.1,0,0
5.1,0,0
4.8,0,0
4.5,0,0
3.9,0,0
3.9,0,0
3.2,0,0
3.2,0,0
3.2,0,0
3.4,0,0
3.0,0,10
4.2,21,55
5.0,61,120
5.9,95,178
7.3,186,218
8.4,302,215
9.3,335,215
9.7,167,251
9.4,26,195
9.7,51,164
9.4,19,104
8.7,1,34
7.8,0,0
7.0,0,0
6.8,0,0
6.2,0,0
5.6,0,0
5.5,0,0
5.4,0,0
4.3,0,0
3.5,0,0
2.5,0,0
1.9,0,0
2.1,0,0
2.0,0,2
3.1,0,24
4.1,0,57
4.5,0,88
5.1,0,131
5.7,0,128
6.0,0,88
5.9,0,85
6.1,0,78
6.1,0,38
5.8,0,28
5.5,0,17
5.4,0,0
5.2,0,0
5.0,0,0
4.8,0,0
4.5,0,0
4.3,0,0
4.3,0,0
3.9,0,0
3.8,0,0
3.6,0,0
3.0,0,0
2.2,0,0
1.5,0,11
1.3,1,40
2.4,0,81
3.0,9,156
4.3,290,164
5.5,431,128
5.9,152,244
6.8,95,236
6.0,11,175
4.7,7,133
3.7,5,89
3.8,6,40
1.9,0,0
1.1,0,0
1.0,0,0
1.0,0,0
0.7,0,0
0.4,0,0
0.2,0,0
0.0,0,0
-0.1,0,0
-0.4,0,0
-0.4,0,0
-0.4,0,0
-0.4,12,16
0.5,92,49
1.5,134,106
2.6,160,167
3.5,124,228
4.9,208,241
5.4,293,217
6.1,292,199
6.3,186,197
6.1,128,157
5.0,75,104
4.2,19,44
3.1,0,0
2.2,0,0
1.5,0,0
0.7,0,0
0.0,0,0
-0.5,0,0
-1.0,0,0
-1.2,0,0
-1.0,0,0
-0.6,0,0
-1.5,0,0
-1.1,0,0
-0.2,0,3
0.2,0,38
0.6,2,100
1.7,2,142
3.3,36,209
4.3,119,225
5.0,42,230
6.2,167,201
6.2,68,193
1.8,90,142
1.9,151,59
0.8,42,34
0.3,0,0
-0.3,0,0
-0.6,0,0
-1.1,0,0
-0.9,0,0
0.2,0,0
-0.4,0,0
-0.2,0,0
-0.1,0,0
-0.9,0,0
-1.8,0,0
-2.1,0,0
-2.0,9,17
-1.2,85,57
0.2,169,96
1.3,213,159
2.9,308,175
3.8,385,173
4.6,246,247
5.1,167,249
6.5,75,220
5.5,41,167
5.2,1,84
4.4,0,10
3.0,0,0
2.4,0,0
2.3,0,0
2.6,0,0
3.0,0,0
2.6,0,0
2.7,0,0
2.5,0,0
2.0,0,0
1.6,0,0
1.4,0,0
1.3,0,0
1.9,0,11
2.6,15,67
3.6,24,133
4.5,20,180
5.8,15,206
6.0,1,178
5.7,1,181
5.8,13,204
6.8,55,206
4.0,0,90
4.1,0,65
4.4,8,46
3.9,0,0
4.1,0,0
3.7,0,0
3.2,0,0
2.2,0,0
0.8,0,0
1.1,0,0
1.2,0,0
1.1,0,0
1.3,0,0
1.4,0,0
0.9,0,0
0.6,0,15
1.2,16,88
2.3,6,136
3.3,1,152
3.3,0,108
3.7,0,133
3.9,0,129
4.0,0,130
3.9,0,86
3.5,0,59
3.4,0,26
2.4,0,27
1.5,0,0
1.1,0,0
0.9,0,0
0.7,0,0
0.4,0,0
0.4,0,0
0.1,0,0
-0.2,0,0
-0.5,0,0
-0.8,0,0
-0.8,0,0
-1.3,0,0
-1.5,0,12
-1.3,5,64
-0.9,7,121
-0.5,13,182
-0.2,25,229
-0.3,12,227
0.7,122,281
1.1,99,263
1.7,61,224
1.3,100,180
1.3,39,120
0.4,7,49
-1.1,0,0
-1.8,0,0
-1.9,0,0
-2.5,0,0
-3.1,0,0
-3.9,0,0
-4.1,0,0
-4.8,0,0
-5.0,0,0
-4.9,0,0
-5.1,0,0
-5.7,0,0
-5.3,15,24
-3.4,107,71
-0.3,239,99
1.5,322,130
2.6,412,144
3.8,530,122
4.5,549,119
5.8,502,126
6.4,398,138
6.5,265,139
5.6,129,116
3.6,24,57
2.2,0,0
2.7,0,0
2.5,0,0
2.1,0,0
1.1,0,0
0.6,0,0
0.4,0,0
0.1,0,0
-0.2,0,0
-1.0,0,0
-0.9,0,0
-0.8,0,0
-0.7,4,20
-0.1,34,79
0.6,14,133
0.4,14,180
0.8,16,214
2.3,101,265
3.3,147,266
4.7,55,248
5.1,45,218
2.3,16,161
2.2,21,115
0.3,1,44
-0.5,0,0
-0.5,0,0
-0.5,0,0
0.0,0,0
0.2,0,0
0.4,0,0
0.3,0,0
0.3,0,0
0.2,0,0
0.3,0,0
0.5,0,0
0.7,0,0
0.8,8,23
1.3,4,70
1.1,1,113
1.3,0,97
1.3,1,175
2.9,107,294
5.3,181,297
6.4,252,263
6.0,267,215
5.4,56,192
4.0,18,122
3.4,2,50
1.1,0,0
0.4,0,0
0.3,0,0
0.4,0,0
-0.3,0,0
-1.1,0,0
-1.3,0,0
-1.8,0,0
-1.8,0,0
-2.2,0,0
-2.2,0,0
-2.0,0,0
-2.0,0,18
-1.8,12,82
-1.4,17,147
-0.5,28,208
0.6,80,268
3.3,287,269
5.3,469,186
7.5,390,212
7.7,236,234
7.5,135,199
7.4,67,138
6.4,13,61
4.6,0,0
4.1,0,0
4.2,0,0
3.6,0,0
3.2,0,0
2.7,0,0
1.8,0,0
1.5,0,0
0.4,0,0
-0.4,0,0
-0.2,0,0
-0.6,0,0
0.1,16,26
1.7,120,78
4.8,242,112
7.5,368,134
9.5,440,158
11.1,166,301
11.9,39,274
12.3,75,281
12.5,138,254
11.8,224,172
11.4,159,117
10.4,39,64
8.8,0,0
7.8,0,0
7.4,0,0
7.2,0,0
7.3,0,0
7.2,0,0
6.8,0,0
6.9,0,0
6.8,0,0
6.8,0,0
6.4,0,0
6.0,0,0
5.8,19,26
6.4,57,84
7.5,24,150
8.2,104,223
10.2,93,264
9.7,0,122
8.8,15,242
9.6,64,271
9.9,16,211
10.0,26,180
9.9,74,134
9.1,40,61
7.3,0,0
5.7,0,0
5.2,0,0
4.5,0,0
4.0,0,0
4.1,0,0
3.0,0,0
2.9,0,0
3.0,0,0
2.3,0,0
2.1,0,0
2.3,0,0
3.0,21,33
4.7,33,96
7.1,30,167
9.2,52,239
10.6,42,268
11.9,86,319
13.4,147,339
14.3,45,284
14.5,9,204
14.7,46,208
14.7,77,153
14.4,39,73
13.2,0,0
12.5,0,0
11.5,0,0
10.6,0,0
9.8,0,0
9.0,0,0
8.4,0,0
8.1,0,0
7.8,0,0
7.6,0,0
7.8,0,0
7.5,0,0
8.1,0,25
8.7,25,102
12.9,143,153
14.3,105,228
15.1,90,272
15.4,143,291
15.5,18,247
15.2,0,146
15.6,0,159
16.4,0,132
16.2,6,121
15.2,0,57
14.2,0,8
13.1,0,0
11.7,0,0
10.5,0,0
10.5,0,0
10.1,0,0
8.8,0,0
7.9,0,0
7.3,0,0
6.6,0,0
6.3,0,0
6.4,0,0
6.6,5,38
9.9,50,111
12.7,160,166
15.0,270,199
17.7,367,213
18.9,490,183
20.0,409,241
20.3,272,283
20.3,254,245
20.2,223,190
19.5,142,139
18.0,41,83
16.0,0,16
14.2,0,0
13.4,0,0
12.6,0,0
12.0,0,0
11.0,0,0
11.2,0,0
10.2,0,0
8.9,0,0
8.1,0,0
7.7,0,0
7.4,0,0
8.6,33,45
10.3,149,95
14.2,298,117
17.0,436,130
19.4,464,167
20.8,111,316
17.7,0,203
15.2,0,79
12.8,0,81
12.8,0,75
12.7,0,56
12.4,0,48
12.0,0,14
10.1,0,0
9.4,0,0
9.1,0,0
8.5,0,0
7.8,0,0
6.8,0,0
5.9,0,0
5.1,0,0
4.9,0,0
5.3,0,0
5.5,0,0
6.6,0,27
8.3,37,113
10.3,128,182
13.5,196,238
15.6,224,285
16.0,187,322
16.8,39,288
17.8,33,272
19.3,78,265
18.9,44,206
17.6,2,113
14.0,0,38
11.4,0,4
11.1,0,0
10.5,0,0
8.4,0,0
7.7,0,0
7.4,0,0
7.8,0,0
7.3,0,0
6.2,0,0
5.4,0,0
5.6,0,0
5.7,0,2
6.1,4,34
6.9,87,91
8.3,270,95
10.0,209,196
9.4,2,188
10.0,24,253
10.8,46,273
11.2,39,259
12.2,73,238
12.3,162,180
11.8,84,134
10.9,8,74
8.7,4,21
6.7,0,0
6.0,0,0
5.7,0,0
5.9,0,0
6.0,0,0
5.6,0,0
5.8,0,0
5.8,0,0
6.0,0,0
6.1,0,0
6.7,0,4
7.2,0,21
7.1,0,67
6.9,1,133
7.2,0,139
7.5,0,116
8.7,0,108
9.5,0,103
10.9,0,117
11.2,0,99
11.2,0,83
11.3,0,61
11.0,2,66
10.3,0,14
9.5,0,0
9.5,0,0
9.6,0,0
9.3,0,0
8.7,0,0
8.0,0,0
7.8,0,0
7.8,0,0
7.7,0,0
7.8,0,0
7.6,0,1
7.6,51,36
10.4,88,94
11.1,20,162
12.2,16,206
12.7,10,220
13.7,14,237
12.5,0,153
10.6,0,103
10.2,0,159
10.7,41,185
10.1,4,115
9.6,7,71
8.6,0,11
7.8,0,0
7.7,0,0
7.3,0,0
7.3,0,0
6.9,0,0
6.8,0,0
6.4,0,0
6.4,0,0
5.6,0,0
5.9,0,0
6.1,0,7
6.4,1,37
7.4,15,109
8.8,2,139
10.1,5,192
11.8,68,291
13.1,146,329
13.7,162,334
14.4,120,310
14.5,94,267
13.9,60,208
11.9,0,71
12.2,1,64
10.7,4,24
9.0,0,0
8.2,0,0
6.8,0,0
6.2,0,0
6.7,0,0
6.8,0,0
6.2,0,0
5.6,0,0
4.6,0,0
4.3,0,0
3.9,0,6
3.7,50,39
4.8,86,102
6.1,174,148
6.5,253,187
7.1,151,267
8.6,111,291
8.8,139,291
9.0,261,253
9.7,281,203
10.2,384,86
10.4,272,66
9.8,106,65
8.8,10,25
6.6,0,0
6.0,0,0
4.9,0,0
4.4,0,0
3.9,0,0
3.4,0,0
3.7,0,0
3.7,0,0
3.7,0,0
3.9,0,0
4.2,0,0
5.0,0,16
5.8,0,34
6.7,20,184
9.2,230,248
10.8,206,311
11.5,22,275
11.8,0,136
11.4,0,133
11.0,0,134
11.1,0,112
11.3,0,112
11.1,0,52
10.9,0,9
10.2,0,0
9.6,0,0
9.8,0,0
9.2,0,0
9.5,0,0
9.1,0,0
8.8,0,0
8.5,0,0
8.3,0,0
7.9,0,0
7.8,0,3
8.0,0,22
8.7,20,118
9.4,23,180
10.1,40,242
11.4,119,292
12.2,179,311
13.3,144,314
14.0,32,268
14.0,0,127
12.9,0,81
12.4,0,78
11.6,0,35
10.4,0,11
8.8,0,0
8.2,0,0
7.4,0,0
6.9,0,0
6.0,0,0
4.4,0,0
4.4,0,0
4.4,0,0
3.9,0,0
3.1,0,0
3.0,0,2
3.1,0,38
3.4,4,98
5.1,113,186
7.2,508,76
8.6,634,62
9.9,651,90
10.6,282,291
8.6,2,208
6.1,0,153
4.4,7,173
5.2,50,155
5.3,21,92
1.3,0,23
1.4,0,0
0.5,0,0
0.6,0,0
0.6,0,0
0.3,0,0
0.4,0,0
0.6,0,0
0.8,0,0
0.6,0,0
0.8,0,0
0.9,3,7
1.1,17,44
1.2,7,97
1.9,26,170
2.5,17,214
3.0,0,151
3.0,0,142
3.7,0,183
4.2,0,196
4.2,0,151
4.1,3,156
3.8,17,134
3.4,10,78
2.9,0,21
2.3,0,0
2.0,0,0
1.2,0,0
0.5,0,0
0.6,0,0
0.5,0,0
0.1,0,0
-0.7,0,0
-0.8,0,0
-1.1,0,0
-1.2,6,13
-0.2,99,52
1.8,252,73
3.9,426,65
4.6,276,191
5.0,69,280
5.2,129,298
6.4,438,210
5.3,84,281
5.3,127,248
3.8,80,204
4.7,119,142
3.9,84,80
2.9,9,29
1.1,0,0
1.5,0,0
0.9,0,0
0.3,0,0
0.0,0,0
-0.7,0,0
-1.1,0,0
-0.9,0,0
-0.5,0,0
-0.2,0,0
-0.1,0,8
0.1,0,25
0.4,0,65
1.3,0,106
1.9,0,136
2.5,0,165
2.8,0,182
3.2,0,153
3.5,0,121
3.4,0,163
3.5,0,110
3.3,0,103
3.2,0,51
3.2,0,6
2.6,0,0
2.6,0,0
2.1,0,0
2.7,0,0
2.8,0,0
2.9,0,0
2.8,0,0
3.2,0,0
2.8,0,0
3.3,0,0
3.7,0,2
3.8,0,22
4.8,0,61
5.3,0,129
5.9,0,154
6.3,0,158
6.4,0,174
7.3,3,228
8.1,48,249
8.5,1,190
8.6,11,167
8.5,31,137
8.1,16,82
7.5,0,20
6.9,0,0
6.5,0,0
6.2,0,0
6.0,0,0
5.8,0,0
5.7,0,0
5.4,0,0
5.1,0,0
4.8,0,0
4.9,0,0
4.2,2,13
5.3,3,51
5.8,42,136
6.4,41,190
7.5,114,268
8.1,112,316
9.3,301,302
10.0,465,233
10.5,400,245
10.8,339,227
10.7,235,205
9.5,159,155
9.4,69,100
7.9,10,34
6.7,0,0
5.2,0,0
4.1,0,0
3.1,0,0
2.8,0,0
2.5,0,0
1.5,0,0
1.0,0,0
0.4,0,0
-0.1,0,0
0.0,16,20
1.7,113,59
3.5,270,73
4.8,344,111
6.0,206,248
6.4,136,313
7.1,174,329
8.2,386,269
9.1,433,223
9.7,303,238
10.0,228,204
9.8,109,166
9.0,19,99
8.1,1,25
6.9,0,0
6.0,0,0
5.5,0,0
5.4,0,0
4.9,0,0
4.2,0,0
3.3,0,0
3.0,0,0
2.8,0,0
2.5,0,0
2.8,7,20
4.2,57,77
6.5,140,134
8.3,269,174
10.7,332,226
11.8,402,253
13.3,332,321
13.3,145,358
14.2,80,324
13.5,4,206
13.0,0,93
12.8,0,69
12.3,0,49
11.9,0,12
11.1,0,0
10.7,0,0
10.1,0,0
9.0,0,0
8.0,0,0
7.3,0,0
6.4,0,0
5.3,0,0
4.9,0,0
4.0,0,0
4.0,11,22
5.7,86,68
9.1,202,106
11.9,353,124
13.5,390,180
15.6,559,153
16.3,542,196
16.7,414,273
17.3,172,326
17.2,20,250
16.9,16,204
16.6,14,156
15.7,6,92
14.5,0,30
12.7,0,0
11.7,0,0
10.9,0,0
10.6,0,0
9.9,0,0
9.9,0,0
10.1,0,0
8.5,0,0
7.9,0,0
6.8,0,0
7.9,17,22
9.0,104,60
11.0,248,81
13.6,396,89
15.9,425,149
16.6,300,270
17.7,117,333
17.4,29,296
16.3,1,213
15.2,66,275
16.0,140,229
15.7,92,172
14.3,25,104
13.6,3,32
11.8,0,0
11.0,0,0
9.8,0,0
8.7,0,0
8.3,0,0
6.7,0,0
6.1,0,0
6.4,0,0
5.7,0,0
5.6,0,0
5.2,22,24
7.0,125,60
10.0,254,87
12.3,351,116
13.5,501,112
14.5,495,179
15.6,258,321
16.0,89,330
15.8,121,317
16.3,205,275
16.9,212,216
13.8,28,166
13.0,45,107
12.6,1,30
11.6,0,0
10.1,0,0
9.5,0,0
9.0,0,0
8.2,0,0
8.2,0,0
7.9,0,0
7.6,0,0
6.8,0,0
6.4,0,0
6.7,1,16
7.3,15,76
8.1,57,151
8.7,44,217
11.6,124,280
12.5,62,309
11.7,71,324
12.4,113,337
13.4,74,311
14.1,143,283
13.6,218,215
13.2,227,136
11.9,121,94
10.4,10,41
9.0,0,0
7.7,0,0
6.8,0,0
5.7,0,0
5.7,0,0
4.8,0,0
4.5,0,0
4.5,0,0
4.0,0,0
3.5,0,0
4.4,0,7
5.6,5,68
7.4,43,148
9.7,283,149
12.5,400,163
11.8,189,301
12.4,73,316
13.4,68,318
14.6,219,300
15.3,266,246
15.0,245,195
14.4,216,133
14.9,87,102
12.3,23,41
10.6,0,0
9.2,0,0
8.6,0,0
7.1,0,0
6.4,0,0
6.5,0,0
5.9,0,0
5.4,0,0
5.3,0,0
5.7,0,0
6.2,0,15
7.9,7,75
10.5,194,126
13.4,386,144
15.5,505,158
17.3,563,176
17.5,282,340
16.9,81,345
16.8,19,283
16.4,0,175
15.8,0,113
12.8,0,55
10.4,0,32
10.4,0,9
9.9,0,0
9.2,0,0
9.0,0,0
8.7,0,0
9.1,0,0
8.8,0,0
8.5,0,0
8.0,0,0
7.6,0,0
7.5,0,0
7.8,24,27
8.7,98,70
9.8,120,141
10.9,96,222
11.9,79,279
12.4,16,268
12.9,27,294
13.4,28,299
15.1,200,309
15.0,79,279
16.1,104,231
15.6,172,156
15.3,91,103
14.4,2,38
12.5,0,0
12.2,0,0
11.9,0,0
11.5,0,0
11.5,0,0
10.7,0,0
11.2,0,0
11.2,0,0
11.0,0,0
10.1,0,0
10.9,0,12
11.9,5,63
13.0,1,104
14.6,70,192
17.0,105,238
18.1,42,264
19.5,106,282
19.4,10,251
19.1,0,133
18.3,0,95
17.9,0,87
16.9,0,116
16.5,0,68
16.6,0,14
16.2,0,0
16.0,0,0
15.5,0,0
14.8,0,0
14.7,0,0
14.1,0,0
13.0,0,0
12.8,0,0
12.8,0,0
12.3,0,0
12.5,16,29
13.8,16,82
14.5,61,159
15.9,95,232
17.9,397,192
19.4,651,122
21.7,702,128
22.2,637,172
22.9,558,193
23.8,316,254
22.8,33,227
21.9,2,142
21.4,13,105
20.2,8,45
18.3,0,0
17.0,0,0
15.9,0,0
15.4,0,0
14.4,0,0
13.4,0,0
12.8,0,0
12.2,0,0
11.9,0,0
11.1,0,0
11.7,25,29
13.6,89,82
16.9,201,124
20.7,403,126
23.2,518,141
24.7,617,147
26.9,658,160
28.7,652,169
29.5,590,179
30.1,511,170
30.5,405,153
30.1,262,136
28.6,139,101
25.7,32,47
23.6,0,0
22.4,0,0
20.9,0,0
19.3,0,0
17.4,0,0
16.7,0,0
15.7,0,0
15.3,0,0
14.6,0,0
15.2,0,0
15.8,30,39
17.3,108,100
20.1,200,154
22.1,241,221
23.1,100,316
23.9,62,336
25.3,60,348
27.2,115,379
27.7,102,354
27.3,44,289
26.5,2,178
25.0,0,126
25.5,15,112
23.2,29,54
22.0,0,0
21.7,0,0
20.1,0,0
18.6,0,0
16.6,0,0
15.1,0,0
14.0,0,0
13.6,0,0
13.8,0,0
12.5,0,0
12.8,20,31
13.2,95,83
14.7,227,119
17.3,336,152
18.9,385,207
20.0,334,287
21.3,306,331
22.2,507,252
22.9,434,265
23.2,209,296
23.0,113,248
22.2,38,180
21.0,40,121
19.8,25,48
17.7,0,0
15.9,0,0
14.2,0,0
13.3,0,0
12.9,0,0
12.9,0,0
12.9,0,0
12.9,0,0
12.5,0,0
12.8,0,0
12.4,0,11
13.3,45,106
15.6,213,149
18.1,370,164
20.3,490,179
21.8,558,201
23.3,603,209
23.6,442,307
23.0,95,358
21.5,0,117
21.5,0,128
22.1,20,185
20.9,23,130
19.4,12,65
18.2,0,8
17.5,0,0
16.4,0,0
15.2,0,0
13.7,0,0
13.0,0,0
12.5,0,0
11.4,0,0
10.8,0,0
10.3,0,0
12.7,0,11
13.7,1,69
14.2,0,104
14.4,0,109
14.7,0,173
13.8,0,181
12.8,0,137
13.9,0,200
14.0,1,237
14.0,0,150
13.8,0,102
13.6,0,103
13.2,5,107
13.1,4,54
12.9,0,4
12.6,0,0
12.4,0,0
12.2,0,0
12.2,0,0
12.1,0,0
11.8,0,0
12.0,0,0
12.0,0,0
12.1,0,0
12.3,0,6
12.7,0,29
13.3,5,145
14.1,95,260
15.6,182,313
17.9,384,290
19.8,470,281
20.7,414,316
21.2,205,363
20.4,113,321
21.0,177,268
20.5,191,192
19.9,44,136
18.4,0,43
16.6,0,3
15.9,0,0
14.6,0,0
14.6,0,0
12.2,0,0
11.6,0,0
10.8,0,0
10.4,0,0
10.0,0,0
10.1,0,0
10.9,0,9
11.4,0,34
12.1,0,120
13.6,0,170
14.6,143,322
17.3,637,161
19.1,663,174
19.7,412,320
20.1,213,365
21.0,171,328
20.2,127,273
20.2,52,203
19.9,1,98
18.7,0,28
17.7,0,4
16.9,0,0
17.4,0,0
18.0,0,0
17.9,0,0
16.9,0,0
14.7,0,0
14.6,0,0
13.4,0,0
12.5,0,0
12.5,36,37
14.3,176,50
16.6,338,58
18.3,481,57
19.9,583,51
20.8,369,232
20.4,263,308
20.5,178,334
21.4,47,308
19.2,0,205
19.6,11,207
18.4,199,147
17.6,14,113
16.1,17,59
14.9,0,9
13.7,0,0
13.5,0,0
12.4,0,0
12.1,0,0
11.5,0,0
11.1,0,0
10.4,0,0
10.3,0,0
10.6,0,0
11.2,0,6
12.3,0,24
13.1,0,77
13.7,1,176
15.1,26,291
16.9,58,348
18.8,178,381
20.1,386,325
21.2,413,291
16.8,4,236
16.6,0,154
16.7,2,149
16.1,0,93
15.2,6,60
14.1,0,8
13.5,0,0
13.0,0,0
13.2,0,0
12.8,0,0
12.6,0,0
12.1,0,0
11.4,0,0
11.4,0,0
11.8,0,1
12.1,28,44
12.2,13,96
12.6,0,93
13.3,0,149
13.3,0,157
13.6,0,151
14.0,0,143
15.4,15,311
16.7,135,348
17.4,159,309
16.0,114,257
13.0,95,198
11.4,12,120
9.8,0,36
9.4,0,4
8.4,0,0
8.1,0,0
7.8,0,0
7.7,0,0
7.9,0,0
7.7,0,0
8.0,0,0
6.7,0,0
5.9,0,7
6.5,56,50
7.8,155,89
9.7,251,130
11.2,176,246
12.0,73,317
12.7,59,350
13.1,8,297
13.5,6,290
13.5,0,228
13.3,1,225
13.7,0,171
13.5,0,116
13.2,0,72
12.2,0,36
11.3,0,6
11.2,0,0
10.5,0,0
9.9,0,0
9.7,0,0
9.4,0,0
9.4,0,0
8.9,0,0
8.5,0,0
8.4,0,0
8.9,2,30
9.9,7,77
10.4,0,104
11.2,19,197
11.6,45,253
11.9,11,262
12.5,14,276
12.1,2,250
12.2,0,210
11.6,0,149
11.1,0,97
10.8,0,92
10.8,0,69
10.9,0,32
10.6,0,6
10.6,0,0
10.4,0,0
10.1,0,0
10.2,0,0
10.1,0,0
10.1,0,0
10.4,0,0
10.6,0,0
10.8,0,0
11.1,0,29
11.6,0,74
12.5,0,72
13.3,0,177
13.5,6,251
16.2,175,380
17.0,143,407
18.2,305,379
18.9,186,386
19.7,250,330
20.3,226,273
19.7,64,221
19.1,0,87
18.3,0,28
17.0,0,1
15.9,0,0
15.3,0,0
14.6,0,0
14.4,0,0
14.0,0,0
13.7,0,0
12.6,0,0
12.1,0,0
11.6,0,2
11.6,25,56
13.0,52,125
14.0,13,173
14.5,1,190
14.8,0,211
15.7,18,320
17.0,132,412
18.4,273,396
18.1,203,389
17.8,153,350
16.9,98,290
15.3,67,225
14.6,11,131
13.7,0,49
13.0,0,7
12.5,0,0
12.0,0,0
11.8,0,0
11.4,0,0
11.0,0,0
10.6,0,0
10.1,0,0
10.3,0,0
10.3,0,0
9.8,0,10
9.1,0,45
9.6,15,172
10.7,51,256
10.7,1,224
10.8,0,197
10.3,0,171
10.8,0,175
10.9,0,162
10.5,0,121
10.7,0,104
10.6,0,92
10.5,0,88
10.4,6,68
10.1,0,15
9.9,0,0
9.8,0,0
9.7,0,0
9.9,0,0
9.6,0,0
9.3,0,0
8.6,0,0
8.6,0,0
8.4,0,2
8.5,0,12
8.4,0,45
8.8,0,95
9.5,0,143
10.2,0,208
10.4,0,214
10.6,0,176
10.5,0,153
10.7,0,166
10.7,0,140
10.6,0,148
10.3,0,129
10.6,44,96
10.2,30,47
9.1,0,16
8.7,0,0
7.2,0,0
5.8,0,0
4.6,0,0
3.7,0,0
2.8,0,0
2.3,0,0
2.8,0,0
3.5,0,5
4.3,0,26
5.9,4,96
8.1,100,189
10.6,356,162
11.5,221,300
12.4,140,364
13.2,271,362
13.7,444,289
14.9,515,230
15.0,233,313
14.6,76,277
13.9,48,214
13.4,4,117
12.3,1,61
10.6,0,12
9.2,0,0
7.9,0,0
7.3,0,0
7.0,0,0
7.0,0,0
6.8,0,0
6.4,0,0
5.8,0,0
6.2,2,9
5.3,62,53
7.4,196,81
10.2,348,93
13.2,495,100
15.4,621,103
17.3,709,107
18.0,759,111
18.3,774,105
19.2,723,112
19.6,615,125
20.2,488,128
19.8,343,123
19.3,191,109
17.5,69,74
15.3,5,20
13.8,0,0
12.0,0,0
11.2,0,0
9.8,0,0
8.9,0,0
7.7,0,0
7.4,0,0
7.5,0,0
8.1,0,0
8.4,0,18
9.7,0,49
11.0,0,124
13.5,151,243
16.4,391,210
18.9,390,264
20.8,178,354
19.7,92,345
21.0,163,332
20.9,307,270
21.8,304,209
21.9,304,128
20.5,153,115
19.6,55,72
17.2,5,22
15.1,0,0
13.3,0,0
12.3,0,0
11.0,0,0
10.5,0,0
9.6,0,0
9.1,0,0
8.1,0,0
7.6,1,9
8.2,43,53
10.7,119,102
13.4,253,136
16.7,450,120
19.4,547,142
21.0,516,225
21.4,364,336
22.2,359,342
22.7,266,352
22.6,71,305
21.3,275,247
23.0,179,202
22.5,142,133
20.3,67,77
18.3,4,22
16.3,0,0
14.8,0,0
14.0,0,0
13.1,0,0
12.0,0,0
11.1,0,0
9.9,0,0
8.9,0,0
8.5,1,10
9.3,61,52
11.4,195,80
15.1,353,88
18.1,504,93
19.8,631,91
21.1,690,111
22.2,608,197
22.6,681,157
23.0,608,180
23.4,491,202
23.6,480,131
23.4,355,117
22.8,197,107
21.2,75,74
19.0,6,23
16.5,0,0
15.8,0,0
14.3,0,0
12.7,0,0
11.3,0,0
10.2,0,0
9.5,0,0
9.8,0,0
9.8,0,1
10.7,6,46
11.2,141,96
12.9,357,86
14.4,500,93
15.8,512,158
16.6,411,277
17.6,536,242
18.1,596,212
18.3,202,356
17.0,10,245
18.2,233,254
17.8,141,207
16.9,23,145
16.3,0,62
15.6,0,18
14.6,0,0
14.1,0,0
13.0,0,0
11.8,0,0
11.4,0,0
10.7,0,0
10.7,0,0
10.4,0,0
9.5,0,0
9.3,0,21
9.7,56,121
10.3,172,195
11.7,268,248
12.5,350,290
14.2,278,372
13.9,67,372
13.1,12,303
13.3,84,364
14.2,150,354
15.1,80,287
13.5,45,224
13.4,30,157
12.7,12,84
9.7,0,13
8.6,0,0
7.3,0,0
7.5,0,0
6.7,0,0
6.5,0,0
6.0,0,0
6.2,0,0
5.4,0,0
5.3,0,1
5.9,76,46
7.6,202,59
8.5,112,179
10.1,243,208
12.7,366,218
12.4,146,335
11.6,14,289
13.4,83,343
14.7,81,322
14.0,13,248
13.5,37,239
13.6,25,196
13.6,24,141
12.6,6,72
11.0,0,10
10.7,0,0
10.4,0,0
9.8,0,0
8.9,0,0
8.6,0,0
8.4,0,0
7.8,0,0
6.6,0,0
5.8,10,12
6.6,103,48
8.0,252,60
9.7,423,59
10.4,540,61
11.6,325,256
12.4,275,323
13.6,93,355
13.4,120,357
13.4,33,306
13.8,10,241
14.1,25,237
13.5,93,209
13.3,21,142
12.9,8,77
12.2,0,21
11.6,0,0
11.1,0,0
11.0,0,0
10.7,0,0
10.9,0,0
10.7,0,0
9.8,0,0
9.3,0,0
9.8,0,3
9.7,0,28
9.7,0,57
10.1,0,93
10.4,0,152
11.0,0,194
11.7,0,201
12.0,0,193
12.9,13,251
13.2,3,226
12.9,0,170
13.5,3,182
13.5,17,161
13.7,47,106
13.1,0,58
12.6,0,17
12.4,0,0
11.8,0,0
11.1,0,0
10.4,0,0
10.5,0,0
11.3,0,0
11.0,0,0
11.3,0,0
10.5,0,4
10.7,0,23
11.3,0,81
11.9,8,163
13.2,43,250
13.4,30,288
14.6,62,333
16.1,12,294
15.1,0,218
16.0,17,287
16.2,22,266
15.6,11,220
14.4,0,146
15.3,27,142
14.6,22,82
13.8,2,25
12.8,0,0
12.5,0,0
12.2,0,0
12.4,0,0
11.6,0,0
11.1,0,0
10.0,0,0
9.0,0,0
9.5,0,7
10.3,13,51
12.4,7,98
14.0,2,142
13.7,33,240
14.9,43,290
15.1,22,298
15.7,51,330
16.8,14,291
16.3,72,318
17.7,117,289
17.3,55,242
19.3,122,191
18.8,215,89
17.9,74,73
15.3,11,28
14.3,0,0
13.4,0,0
13.0,0,0
12.6,0,0
12.7,0,0
12.0,0,0
11.4,0,0
11.2,0,0
11.4,0,8
11.4,0,24
12.5,3,96
14.4,237,162
16.9,480,131
18.8,536,176
20.5,419,296
21.7,265,383
22.0,73,366
22.5,69,344
22.2,47,298
21.6,207,277
21.7,132,222
21.7,61,158
20.4,4,74
19.2,0,5
17.0,0,0
15.2,0,0
14.1,0,0
13.3,0,0
12.5,0,0
12.4,0,0
12.2,0,0
11.9,0,0
11.5,3,13
12.6,29,62
14.4,135,113
17.4,311,124
19.5,394,171
21.9,578,146
24.5,575,206
25.8,392,334
27.1,432,319
27.1,389,317
28.5,374,279
28.5,348,227
28.2,330,153
27.5,210,121
26.3,88,85
24.2,13,31
21.3,0,0
19.7,0,0
19.0,0,0
19.0,0,0
18.1,0,0
17.3,0,0
16.5,0,0
16.3,0,0
16.2,0,5
17.3,41,67
18.1,166,113
20.2,278,152
22.6,362,203
24.6,461,230
25.9,525,254
27.1,560,268
28.5,611,246
30.1,520,273
30.0,296,325
29.6,154,292
29.6,64,223
27.9,20,146
26.0,20,89
24.7,13,34
21.9,0,0
19.6,0,0
18.8,0,0
18.5,0,0
17.5,0,0
16.5,0,0
15.8,0,0
15.7,0,0
15.9,0,6
16.8,0,23
17.2,0,55
17.7,0,107
18.4,4,203
19.0,6,251
19.2,5,269
19.5,40,341
21.5,383,333
24.3,766,99
25.2,708,85
25.6,557,105
26.3,101,217
23.0,0,30
16.6,0,17
17.3,0,7
15.8,0,0
15.3,0,0
14.6,0,0
13.7,0,0
12.8,0,0
12.0,0,0
11.2,0,0
10.8,0,0
11.3,10,17
10.8,86,67
13.4,208,99
16.9,343,120
19.0,465,140
19.6,404,246
18.9,135,370
20.0,43,344
21.0,63,363
19.8,7,268
18.3,0,172
15.8,7,221
16.9,134,228
13.5,47,161
12.8,41,92
12.4,12,33
10.7,0,0
9.4,0,0
9.3,0,0
8.9,0,0
9.0,0,0
8.1,0,0
7.6,0,0
7.2,0,0
7.3,8,20
7.8,87,60
9.6,220,77
11.5,255,144
13.1,220,243
13.9,170,324
15.0,261,344
16.0,335,345
16.8,295,364
17.4,400,302
18.2,436,239
18.0,381,202
18.0,294,166
18.0,130,154
16.7,83,90
15.3,12,39
13.1,0,1
11.6,0,0
10.3,0,0
8.7,0,0
8.2,0,0
7.9,0,0
7.4,0,0
7.3,0,0
7.2,15,22
9.2,100,59
11.7,243,72
14.5,401,72
17.0,548,71
18.6,625,97
19.5,612,166
21.1,640,183
21.5,604,212
21.7,527,236
21.9,446,235
21.8,391,198
21.5,300,164
20.7,218,117
19.4,101,85
17.5,17,38
15.5,0,2
14.4,0,0
13.2,0,0
12.4,0,0
11.3,0,0
10.4,0,0
9.5,0,0
9.0,0,0
9.7,16,22
11.4,99,59
13.5,237,74
16.1,393,76
17.9,539,77
19.3,652,82
20.6,702,108
21.7,469,284
22.1,354,345
22.9,427,291
23.5,294,309
23.7,253,264
23.1,159,223
22.4,146,149
20.8,86,90
18.6,14,39
17.2,0,1
16.0,0,0
15.8,0,0
15.7,0,0
14.8,0,0
14.2,0,0
13.6,0,0
13.3,0,0
13.6,2,16
14.2,19,65
15.4,87,134
18.7,50,208
19.9,96,286
22.6,298,302
24.1,429,296
25.3,494,295
26.1,462,318
26.6,501,276
26.7,386,289
27.1,356,237
26.5,296,183
25.8,178,148
24.5,82,98
22.3,11,40
20.2,0,2
18.9,0,0
18.5,0,0
18.1,0,0
17.4,0,0
16.4,0,0
16.1,0,0
15.6,0,0
15.7,16,23
16.8,81,63
18.8,177,99
21.9,244,154
23.8,302,213
25.4,227,313
25.8,341,319
26.6,687,160
27.7,609,215
27.3,404,307
27.4,301,310
26.6,84,292
25.9,8,189
25.3,13,151
24.6,4,82
23.6,0,19
22.7,0,0
21.7,0,0
21.0,0,0
20.6,0,0
19.8,0,0
19.3,0,0
18.5,0,0
18.0,0,0
18.2,0,3
18.6,0,27
19.3,14,122
20.2,64,214
20.8,53,284
22.6,329,301
24.0,444,303
23.3,237,413
23.8,126,418
22.0,35,351
20.6,1,228
17.3,0,155
16.3,0,83
16.5,0,60
16.5,0,52
16.2,0,16
16.0,0,0
15.7,0,0
15.9,0,0
15.7,0,0
15.8,0,0
15.7,0,0
15.7,0,0
15.5,0,0
15.5,0,2
15.4,0,13
15.0,0,39
14.9,0,61
15.1,0,93
15.1,0,111
15.2,0,135
15.3,0,130
15.4,0,133
15.1,0,133
14.6,0,99
14.6,0,108
14.8,0,133
14.7,0,110
14.6,0,33
14.5,0,6
14.2,0,0
14.3,0,0
14.2,0,0
14.0,0,0
13.7,0,0
13.5,0,0
13.4,0,0
13.3,0,0
13.3,0,3
13.3,0,13
13.5,0,27
13.5,0,65
14.5,0,157
15.7,0,220
15.4,0,243
16.1,0,169
16.2,0,156
15.8,0,214
16.8,0,226
17.0,1,201
16.5,2,177
15.7,4,150
15.2,0,70
14.9,0,31
14.6,0,0
14.1,0,0
13.9,0,0
13.0,0,0
11.9,0,0
11.6,0,0
11.3,0,0
11.0,0,0
11.3,11,23
12.3,53,76
14.1,137,130
17.3,256,168
18.2,281,242
19.7,226,330
18.7,107,385
18.7,1,258
18.8,3,282
18.9,73,378
19.0,50,333
19.5,106,309
19.8,79,246
18.5,31,171
17.8,14,100
16.8,0,36
15.5,0,1
14.6,0,0
14.4,0,0
13.6,0,0
13.8,0,0
13.9,0,0
13.3,0,0
12.9,0,0
12.9,2,18
14.2,13,64
15.7,9,114
17.6,43,210
18.9,75,288
18.8,71,342
18.7,4,274
20.1,3,274
18.6,20,341
19.6,71,386
19.0,113,370
16.0,10,242
16.6,0,121
16.1,5,137
15.5,0,75
14.7,0,34
14.0,0,0
13.7,0,0
13.3,0,0
12.5,0,0
12.2,0,0
11.5,0,0
11.9,0,0
11.5,0,0
12.0,0,5
12.5,0,26
13.1,13,110
13.6,82,190
15.3,409,126
16.7,269,264
16.3,220,324
17.0,19,312
18.0,82,361
18.9,198,338
19.0,259,288
19.5,272,231
19.7,124,213
18.5,36,159
18.0,3,82
16.4,1,35
15.2,0,2
14.2,0,0
14.1,0,0
14.6,0,0
15.4,0,0
15.8,0,0
15.8,0,0
15.4,0,0
15.6,0,4
15.2,4,48
15.7,79,144
17.2,76,204
17.5,11,209
18.0,0,190
16.5,0,159
16.4,0,177
16.4,0,163
15.9,0,101
15.3,0,85
15.3,0,77
15.2,0,68
15.2,0,74
14.8,2,79
14.3,4,39
13.7,0,0
13.1,0,0
12.6,0,0
12.0,0,0
11.5,0,0
10.8,0,0
10.0,0,0
9.7,0,0
9.8,15,20
10.5,7,44
11.2,7,91
12.0,21,158
12.8,77,233
13.3,8,237
14.1,16,284
14.5,15,306
14.6,7,286
15.2,21,307
16.3,13,269
15.9,65,279
16.1,109,224
16.0,74,160
15.4,9,89
14.8,0,23
12.4,0,0
12.0,0,0
10.8,0,0
10.3,0,0
10.4,0,0
9.9,0,0
9.7,0,0
9.8,0,0
10.0,0,5
11.2,6,46
13.5,42,117
14.8,153,196
16.3,296,214
16.8,189,297
17.2,230,349
18.6,217,399
18.4,102,394
18.5,77,376
19.1,152,357
19.2,215,295
19.8,168,237
18.5,76,177
18.1,18,102
16.4,5,40
15.9,0,0
15.3,0,0
13.9,0,0
13.1,0,0
13.2,0,0
13.4,0,0
12.8,0,0
12.6,0,0
12.7,1,17
13.7,0,37
14.4,0,70
15.4,33,177
16.7,133,269
16.8,156,312
16.9,89,366
17.4,172,409
18.4,278,399
19.7,229,394
18.7,217,359
18.7,113,310
18.2,140,250
18.3,159,166
17.0,90,105
15.3,19,44
13.7,0,0
11.9,0,0
10.6,0,0
10.2,0,0
9.3,0,0
8.6,0,0
8.4,0,0
8.5,0,0
9.1,15,22
10.2,115,58
12.9,251,79
14.9,396,90
16.5,546,91
17.9,671,92
19.8,763,95
20.5,806,99
20.9,769,128
21.8,714,140
22.1,635,141
22.3,513,144
22.3,373,139
21.1,237,121
19.9,112,92
18.4,20,43
16.0,0,0
14.7,0,0
14.4,0,0
13.1,0,0
12.1,0,0
11.3,0,0
10.8,0,0
10.5,0,0
10.1,25,25
12.5,116,60
15.0,247,82
17.9,393,95
19.8,539,98
20.9,664,99
22.5,757,100
23.0,800,107
24.2,787,122
24.9,735,133
24.9,641,142
25.6,521,145
24.5,385,139
24.4,246,121
22.7,117,94
20.6,23,45
17.9,0,0
16.2,0,0
15.2,0,0
14.2,0,0
14.1,0,0
13.5,0,0
12.9,0,0
11.9,0,0
11.6,25,26
13.2,114,65
16.2,234,94
19.3,371,114
21.8,511,124
23.0,632,130
23.6,591,208
23.2,549,269
23.4,393,357
21.2,217,397
19.9,178,365
20.0,219,302
18.6,250,216
17.2,103,181
16.7,1,83
15.6,0,27
13.8,0,0
12.2,0,0
11.6,0,0
11.0,0,0
10.6,0,0
10.8,0,0
10.5,0,0
10.2,0,0
10.2,0,5
10.4,24,56
10.7,145,83
11.9,251,108
12.4,85,243
12.6,12,253
14.3,60,318
13.7,4,265
14.8,223,326
17.1,401,238
16.0,31,277
16.0,0,176
17.4,34,207
16.3,49,156
15.5,23,95
14.3,4,38
12.7,0,0
12.6,0,0
12.1,0,0
11.9,0,0
11.1,0,0
10.3,0,0
9.4,0,0
8.6,0,0
8.3,18,22
9.8,131,52
11.4,237,74
12.3,349,99
13.2,511,95
15.3,70,320
14.1,3,258
15.5,81,373
16.1,30,337
17.2,57,351
17.3,148,348
17.9,242,279
17.1,174,231
16.4,168,154
15.5,128,87
15.4,16,44
14.4,0,0
12.3,0,0
12.1,0,0
10.2,0,0
10.5,0,0
9.8,0,0
9.8,0,0
10.8,0,0
11.0,0,6
11.2,0,45
11.7,1,95
12.4,41,201
13.9,145,270
14.5,31,296
15.2,42,334
17.4,196,392
17.6,294,377
17.3,52,347
15.1,2,221
17.8,237,283
14.9,28,220
16.1,41,172
15.2,74,106
14.6,3,38
14.0,0,0
12.7,0,0
11.6,0,0
10.7,0,0
9.9,0,0
9.2,0,0
8.4,0,0
8.0,0,0
8.2,20,24
9.9,115,59
12.6,233,83
15.1,410,77
16.9,575,77
18.8,691,77
19.5,612,178
20.3,284,378
20.5,161,401
21.3,100,376
20.6,39,310
20.6,31,267
19.9,24,218
20.9,41,173
19.4,102,98
17.6,26,47
15.8,0,0
14.6,0,0
13.2,0,0
12.5,0,0
11.4,0,0
11.0,0,0
10.0,0,0
10.4,0,0
10.4,0,4
12.3,0,21
13.8,0,75
15.4,39,204
17.7,372,186
19.6,425,237
20.6,208,374
20.7,97,386
20.3,65,377
20.2,59,360
20.9,51,323
21.1,89,302
21.6,146,246
21.8,180,157
20.1,92,104
18.1,26,49
16.6,0,0
15.6,0,0
13.9,0,0
12.3,0,0
12.3,0,0
11.1,0,0
10.2,0,0
10.8,0,0
11.7,0,5
13.9,24,66
16.2,181,94
19.2,384,77
21.1,577,54
22.0,697,61
22.7,782,68
24.8,628,191
25.5,322,360
24.2,247,365
25.4,274,323
25.6,328,241
25.0,263,195
24.5,162,155
23.6,100,95
22.0,9,43
19.9,0,0
19.1,0,0
17.9,0,0
16.4,0,0
13.9,0,0
13.4,0,0
12.1,0,0
10.8,0,0
11.3,4,22
14.9,61,78
17.5,170,125
20.0,296,163
21.7,420,191
22.9,471,240
24.4,286,384
24.9,283,417
25.3,245,434
26.0,283,407
25.4,282,367
25.5,226,322
25.0,198,255
23.8,77,195
22.9,6,96
21.6,0,28
19.8,0,0
19.0,0,0
17.6,0,0
17.2,0,0
17.6,0,0
16.8,0,0
15.8,0,0
15.1,0,0
14.9,1,16
15.0,61,66
16.2,207,84
18.4,385,80
20.0,520,86
21.1,469,196
20.9,284,341
22.0,236,386
23.2,309,370
23.7,465,280
23.8,519,205
24.1,450,178
23.5,385,129
23.0,255,112
21.6,124,90
20.2,24,46
18.3,0,0
17.0,0,0
15.9,0,0
14.7,0,0
13.5,0,0
12.4,0,0
11.9,0,0
11.5,0,0
11.9,14,22
13.3,97,57
15.1,237,70
17.6,396,71
19.0,510,87
20.0,506,169
21.6,680,119
22.6,789,85
23.9,818,76
24.9,770,88
24.8,675,102
25.8,553,109
26.2,409,112
25.6,261,106
23.1,127,87
20.8,26,45
18.6,0,0
17.2,0,0
15.8,0,0
14.9,0,0
14.6,0,0
14.1,0,0
14.4,0,0
13.1,0,0
13.0,21,24
14.6,114,55
17.5,249,71
21.4,403,74
23.8,556,68
24.5,681,70
25.7,773,71
27.2,816,79
27.8,805,92
29.4,748,108
29.4,651,122
29.6,531,127
29.7,393,125
29.2,246,116
26.6,117,91
24.8,22,46
22.3,0,0
20.6,0,0
19.4,0,0
18.7,0,0
18.4,0,0
17.5,0,0
16.3,0,0
16.1,0,0
15.4,17,23
16.6,103,56
19.3,237,70
22.9,397,70
25.7,555,61
27.8,676,64
29.1,712,97
29.9,725,127
29.3,688,161
30.1,496,258
31.7,325,302
31.7,185,292
31.5,126,239
30.6,148,160
28.5,62,108
26.4,3,38
24.1,0,0
22.7,0,0
21.1,0,0
20.2,0,0
19.5,0,0
18.7,0,0
17.7,0,0
16.7,0,0
16.7,0,12
17.8,0,43
18.9,54,143
20.1,210,189
22.4,395,189
23.2,409,263
25.6,616,208
25.9,674,214
25.9,601,264
26.8,447,328
27.4,359,325
26.2,221,314
26.9,173,253
26.0,200,157
24.6,96,111
23.2,21,50
21.9,0,0
20.6,0,0
19.9,0,0
19.6,0,0
19.5,0,0
19.5,0,0
19.4,0,0
19.2,0,0
19.5,0,7
19.4,17,65
20.0,0,78
19.4,0,115
20.2,32,255
21.5,264,308
23.2,482,271
25.2,431,328
25.4,627,236
26.9,638,209
27.9,542,217
27.8,337,253
28.4,233,221
27.6,171,163
26.2,54,112
24.7,0,34
23.4,0,0
23.0,0,0
22.0,0,0
21.7,0,0
21.5,0,0
19.8,0,0
17.6,0,0
17.6,0,0
17.8,0,10
18.2,2,44
19.2,95,119
21.1,307,114
22.4,109,260
21.6,46,296
24.0,266,336
22.8,48,336
22.0,6,265
21.6,42,320
23.4,246,319
23.7,103,274
24.5,103,223
23.3,82,164
22.4,12,90
20.3,0,20
17.8,0,0
17.9,0,0
16.4,0,0
16.4,0,0
15.4,0,0
14.7,0,0
13.5,0,0
13.1,0,0
13.0,18,23
14.0,107,60
14.9,240,80
17.1,373,93
18.3,498,109
19.8,582,134
20.7,554,211
21.3,207,378
21.8,44,337
21.9,0,175
21.0,7,240
22.0,40,260
20.6,18,197
20.3,20,148
19.2,0,67
17.4,0,10
15.3,0,0
14.9,0,0
15.0,0,0
15.3,0,0
15.6,0,0
15.6,0,0
15.5,0,0
15.3,0,0
14.7,9,23
14.6,8,56
15.4,0,59
16.5,0,80
17.2,0,162
17.8,0,182
18.1,0,235
18.9,4,264
20.2,0,225
20.2,2,234
20.5,1,212
20.9,48,281
21.2,99,252
20.8,86,187
20.4,48,116
19.6,11,46
18.0,0,0
17.4,0,0
16.8,0,0
15.9,0,0
16.4,0,0
16.3,0,0
15.6,0,0
15.1,0,0
14.9,1,15
15.2,0,36
16.3,0,87
16.9,5,154
17.7,38,248
19.6,185,315
21.8,395,293
22.7,336,348
23.1,298,366
24.6,378,321
25.1,477,236
25.7,478,167
25.6,352,156
25.3,196,144
23.0,95,101
22.1,14,44
20.3,0,0
19.0,0,0
18.1,0,0
17.4,0,0
17.0,0,0
16.4,0,0
16.0,0,0
15.6,0,0
16.3,2,16
17.1,31,71
18.5,24,126
20.2,58,207
21.7,152,286
23.6,253,334
25.1,239,387
25.4,85,385
25.9,134,408
27.2,166,398
26.7,108,352
26.5,0,156
25.3,0,45
23.3,0,31
22.2,0,19
21.7,0,5
21.6,0,0
21.5,0,0
20.9,0,0
19.6,0,0
19.3,0,0
18.6,0,0
18.4,0,0
17.9,0,0
18.0,0,8
18.1,0,27
18.4,0,76
18.9,0,114
20.3,15,229
21.3,33,298
23.1,134,373
24.3,276,390
25.9,563,280
26.9,552,267
27.6,459,271
28.0,396,236
28.1,116,242
28.4,1,115
24.5,0,48
22.8,0,11
22.2,0,0
21.7,0,0
21.6,0,0
20.8,0,0
21.0,0,0
20.6,0,0
19.9,0,0
19.1,0,0
19.0,0,3
19.1,0,18
19.2,0,79
20.3,1,128
20.6,0,117
21.3,91,300
21.8,118,335
22.9,78,339
22.4,0,141
18.5,0,96
18.8,0,109
18.0,0,64
17.3,0,142
18.9,167,143
18.7,106,90
18.2,12,41
17.7,0,0
17.1,0,0
16.8,0,0
16.2,0,0
15.6,0,0
14.7,0,0
14.7,0,0
14.1,0,0
14.1,2,16
15.4,63,62
16.9,215,85
19.5,381,90
21.6,517,103
23.1,629,115
24.9,682,139
25.5,432,310
25.9,267,370
26.5,55,331
24.8,0,108
21.0,0,65
21.2,115,227
21.8,215,137
21.6,83,103
20.4,1,35
19.9,0,0
18.7,0,0
17.9,0,0
17.7,0,0
17.2,0,0
16.9,0,0
15.9,0,0
15.2,0,0
15.4,16,21
16.2,80,55
17.5,166,93
19.0,272,127
20.0,204,236
20.8,168,302
20.7,251,331
21.4,208,356
21.3,282,350
22.4,175,341
23.1,80,298
23.3,132,267
22.9,187,210
22.8,131,155
21.9,90,96
20.3,8,39
17.4,0,0
15.7,0,0
15.8,0,0
15.3,0,0
15.7,0,0
15.3,0,0
15.2,0,0
15.2,0,0
15.4,0,3
15.7,0,20
16.3,1,84
17.1,112,190
19.3,394,162
20.6,376,247
21.5,381,297
22.6,282,356
22.9,237,367
23.6,168,349
23.2,204,321
23.6,309,248
23.7,307,178
23.9,208,138
22.5,87,100
20.9,8,41
19.9,0,0
18.1,0,0
18.4,0,0
17.5,0,0
16.3,0,0
15.8,0,0
15.2,0,0
14.5,0,0
14.6,0,3
15.6,4,44
16.3,0,28
15.8,0,109
17.1,98,237
18.6,195,274
18.8,19,277
20.2,144,323
20.2,18,285
17.2,78,304
18.9,201,273
18.1,137,241
20.4,414,86
19.4,105,143
18.9,0,63
16.2,0,15
15.8,0,0
14.6,0,0
14.9,0,0
14.7,0,0
14.0,0,0
13.4,0,0
13.1,0,0
12.3,0,0
12.4,0,4
13.6,12,44
14.3,202,41
16.3,303,62
16.5,75,217
15.9,34,254
15.2,162,276
17.0,85,297
14.1,79,297
14.1,20,266
13.8,7,228
15.6,301,160
15.7,65,184
15.0,6,119
14.9,56,79
14.7,28,31
13.9,0,0
13.2,0,0
12.5,0,0
11.7,0,0
11.3,0,0
9.7,0,0
9.7,0,0
9.5,0,0
9.9,0,3
11.1,0,20
12.3,0,60
13.4,0,126
14.5,10,215
16.0,3,225
15.6,0,230
14.7,0,203
14.9,6,275
16.2,3,249
16.7,4,230
16.7,3,199
16.7,2,162
17.0,8,136
16.6,13,98
16.2,0,26
15.8,0,0
15.6,0,0
14.9,0,0
14.2,0,0
14.5,0,0
14.7,0,0
14.4,0,0
14.4,0,0
14.5,0,3
14.8,14,46
15.5,0,33
15.8,0,88
16.4,0,129
14.8,0,73
15.4,6,247
16.8,155,305
18.0,189,302
18.8,308,260
19.0,254,243
19.6,348,168
17.2,96,190
15.8,38,141
16.0,58,84
15.4,24,35
14.8,0,0
14.5,0,0
14.3,0,0
13.8,0,0
13.0,0,0
13.5,0,0
13.4,0,0
13.6,0,0
13.5,0,3
14.2,1,36
15.5,23,107
16.9,162,165
16.7,61,242
15.5,29,271
15.0,138,326
17.9,333,313
19.2,476,262
19.4,235,321
19.1,41,277
18.0,1,179
17.9,39,203
18.4,170,138
18.2,33,94
16.3,7,36
15.1,0,0
13.9,0,0
13.1,0,0
12.4,0,0
11.9,0,0
11.3,0,0
10.8,0,0
10.4,0,0
10.6,2,11
10.0,62,58
11.6,182,88
13.9,214,147
16.1,263,213
17.3,350,245
18.6,292,323
19.4,123,367
19.8,162,374
21.0,162,363
21.3,112,329
21.8,25,252
21.2,117,224
22.1,221,122
20.9,83,93
18.8,20,41
17.3,0,4
17.4,0,0
17.4,0,0
17.4,0,0
16.5,0,0
15.5,0,0
15.3,0,0
14.8,0,0
14.5,0,6
14.7,40,51
15.9,95,108
17.5,245,129
18.9,366,154
19.9,360,235
20.9,403,270
22.4,464,272
23.2,157,369
23.1,77,343
22.8,105,323
24.0,46,265
21.6,0,142
20.4,2,115
20.4,38,97
19.1,3,34
17.8,0,0
15.6,0,0
14.6,0,0
14.2,0,0
14.5,0,0
13.7,0,0
13.2,0,0
12.4,0,0
12.1,1,9
12.4,58,57
14.0,183,86
16.7,326,100
18.4,456,108
19.7,504,157
20.6,330,307
21.8,198,364
21.7,221,367
22.6,412,294
23.0,422,248
23.1,383,205
23.2,337,148
22.7,116,158
21.7,3,78
20.1,0,20
17.9,0,1
16.6,0,0
15.8,0,0
14.9,0,0
14.5,0,0
13.8,0,0
13.8,0,0
12.9,0,0
12.8,0,4
14.0,13,48
15.6,127,99
18.6,311,106
21.6,454,111
23.7,592,109
25.6,648,135
27.0,661,167
28.2,656,182
29.5,592,202
30.6,564,173
31.2,371,214
31.1,252,192
31.3,139,154
30.3,77,94
27.7,13,38
25.5,0,2
25.2,0,0
24.0,0,0
23.2,0,0
22.6,0,0
22.0,0,0
21.9,0,0
20.4,0,0
19.8,0,8
20.8,0,29
22.7,18,110
24.2,169,178
28.2,302,209
31.4,419,230
32.3,444,279
35.2,448,314
35.5,368,357
34.9,408,324
34.8,467,254
34.4,388,227
33.5,269,201
30.8,129,167
29.7,16,94
28.4,0,8
26.7,0,0
22.9,0,0
22.7,0,0
21.8,0,0
20.5,0,0
20.2,0,0
20.2,0,0
19.9,0,0
19.6,0,1
19.3,27,51
18.9,158,88
20.3,291,109
22.0,452,111
23.5,607,100
24.8,687,112
26.2,738,119
27.0,703,150
27.5,644,169
27.4,507,204
28.2,412,191
28.6,181,218
27.6,112,160
25.9,13,89
25.2,0,7
23.7,0,0
21.9,0,0
21.1,0,0
20.5,0,0
19.2,0,0
19.1,0,0
18.4,0,0
17.3,0,0
17.1,0,4
17.9,7,43
19.4,60,110
20.9,211,147
23.1,250,214
24.5,386,226
26.4,416,269
27.4,359,328
28.6,405,316
28.8,317,337
30.6,325,296
30.3,272,258
30.2,209,208
29.6,103,162
23.0,22,93
19.0,0,21
18.8,0,0
18.8,0,0
18.2,0,0
18.0,0,0
18.0,0,0
16.8,0,0
16.3,0,0
15.9,0,0
15.6,0,3
15.9,17,48
16.7,111,100
18.1,253,122
19.8,357,154
21.1,414,202
21.7,168,334
22.4,122,354
23.4,170,368
23.5,217,352
23.7,392,256
24.3,416,182
23.7,334,145
22.1,106,158
21.2,14,88
20.0,2,27
18.6,0,0
18.0,0,0
17.0,0,0
16.0,0,0
15.6,0,0
14.8,0,0
14.7,0,0
13.7,0,0
13.4,0,5
13.5,47,51
14.8,160,86
16.9,298,104
18.3,336,169
19.7,442,190
20.5,30,299
20.9,22,295
21.4,159,364
20.6,60,326
21.3,29,273
20.7,1,175
20.7,53,209
19.8,18,139
19.6,11,83
18.8,0,25
17.2,0,0
16.2,0,0
15.1,0,0
14.2,0,0
12.2,0,0
11.5,0,0
11.7,0,0
11.0,0,0
10.3,0,1
11.1,30,50
13.1,99,107
16.4,175,162
18.7,253,216
20.2,444,197
21.5,347,302
21.8,381,321
22.5,389,326
23.8,258,352
22.8,111,318
23.5,119,278
23.1,165,220
23.0,98,160
21.9,51,93
19.9,2,28
18.4,0,0
18.5,0,0
17.5,0,0
18.0,0,0
17.3,0,0
16.9,0,0
17.0,0,0
16.9,0,0
16.2,0,5
16.0,0,20
16.3,0,33
15.4,0,45
15.8,0,105
16.2,107,300
19.6,171,341
20.0,0,201
21.6,95,355
23.7,31,299
23.6,23,267
24.2,2,190
23.0,0,115
22.8,0,58
22.6,0,23
21.4,0,5
20.5,0,0
19.9,0,0
18.9,0,0
18.3,0,0
17.6,0,0
17.2,0,0
16.8,0,0
16.3,0,0
15.4,0,1
14.9,20,47
15.4,69,106
17.2,219,137
19.2,358,154
21.0,462,174
21.8,288,310
20.5,93,343
22.4,242,354
23.1,42,305
23.4,304,291
23.9,434,173
23.3,236,189
21.8,103,154
19.2,15,86
18.4,0,22
17.1,0,0
16.9,0,0
16.5,0,0
16.4,0,0
15.8,0,0
15.6,0,0
14.8,0,0
14.7,0,0
14.6,0,4
14.5,0,29
14.8,0,71
15.5,35,172
16.4,80,247
17.6,124,305
18.7,25,295
19.8,75,346
19.8,73,349
20.7,85,342
20.8,38,282
20.5,0,137
20.8,1,151
18.1,0,97
17.4,0,64
17.6,0,16
16.9,0,0
16.8,0,0
16.8,0,0
16.3,0,0
16.0,0,0
16.2,0,0
15.9,0,0
15.9,0,0
15.9,0,0
15.8,0,13
16.6,15,84
17.2,123,130
18.1,79,206
19.1,180,233
20.5,276,236
21.8,319,243
23.0,155,296
23.6,80,287
24.6,58,256
23.9,150,214
24.1,152,165
19.5,12,123
19.7,20,78
18.5,0,21
17.1,0,0
15.4,0,0
14.5,0,0
13.2,0,0
13.8,0,0
13.1,0,0
12.1,0,0
12.3,0,0
12.7,0,3
12.5,49,43
14.0,176,72
17.1,334,74
19.1,496,72
21.0,622,61
21.0,477,206
21.9,176,336
23.7,153,342
23.7,162,329
23.2,148,299
22.4,44,243
21.9,46,201
21.6,25,139
19.9,5,76
18.6,0,20
17.6,0,0
16.8,0,0
16.8,0,0
15.5,0,0
15.1,0,0
13.7,0,0
13.1,0,0
12.9,0,0
12.2,0,0
12.6,32,33
15.0,130,68
16.3,285,78
18.2,458,75
20.1,449,151
21.0,351,269
22.2,360,301
22.7,290,339
23.4,120,349
23.9,108,319
24.4,137,274
24.2,116,215
23.4,43,150
22.7,32,78
20.2,1,15
18.8,0,0
18.3,0,0
16.9,0,0
17.3,0,0
16.2,0,0
16.9,0,0
15.5,0,0
14.9,0,0
15.4,0,0
15.1,17,36
15.5,0,69
16.1,50,175
18.4,331,169
19.7,249,287
20.4,37,323
19.4,0,211
19.4,0,211
18.1,0,191
17.1,0,182
16.8,0,145
16.7,0,133
16.7,0,92
16.4,0,51
16.2,0,7
16.1,0,0
15.8,0,0
15.0,0,0
14.8,0,0
14.7,0,0
14.4,0,0
14.2,0,0
13.8,0,0
13.8,0,0
13.6,6,28
14.2,73,83
15.8,35,160
17.1,36,225
18.6,82,289
19.8,191,323
21.6,346,307
21.2,100,358
22.3,107,346
22.8,75,311
22.6,25,243
21.4,0,120
21.3,7,125
20.9,11,75
19.5,0,14
17.3,0,0
16.5,0,0
16.0,0,0
15.5,0,0
15.2,0,0
14.8,0,0
15.0,0,0
15.0,0,0
15.2,0,0
15.7,1,25
15.9,0,64
17.1,19,164
19.3,19,225
19.5,15,263
19.1,12,285
20.3,7,277
20.6,0,188
20.4,0,137
18.1,0,127
17.7,0,149
18.2,19,209
19.6,51,167
19.2,7,76
17.6,1,17
17.2,0,0
15.9,0,0
15.1,0,0
14.2,0,0
12.9,0,0
12.3,0,0
11.9,0,0
11.6,0,0
11.4,0,0
11.6,43,32
12.8,156,65
15.1,299,80
16.8,267,156
17.7,181,259
19.0,47,304
19.7,36,311
20.7,69,336
20.3,0,216
20.4,3,223
19.9,18,226
19.8,17,187
19.6,2,111
19.5,6,67
18.6,3,17
18.3,0,0
17.7,0,0
16.7,0,0
15.3,0,0
14.3,0,0
13.7,0,0
13.0,0,0
12.7,0,0
12.7,0,0
12.7,32,36
14.0,136,72
16.3,160,139
17.0,61,235
18.1,221,272
19.0,373,266
20.2,403,291
21.4,458,272
21.7,416,275
22.7,292,294
23.1,306,224
23.3,269,155
23.0,178,108
22.1,67,71
20.1,2,16
19.1,0,0
17.8,0,0
17.6,0,0
17.4,0,0
17.6,0,0
18.3,0,0
17.9,0,0
17.7,0,0
16.8,0,0
16.4,39,32
16.9,133,60
18.6,112,139
20.9,370,88
21.8,308,200
21.4,73,310
20.5,0,152
18.0,0,101
19.2,5,243
22.6,52,281
22.8,17,218
23.1,39,194
22.9,8,120
22.1,0,51
21.1,0,7
20.4,0,0
18.6,0,0
17.6,0,0
16.8,0,0
16.0,0,0
16.2,0,0
15.6,0,0
15.1,0,0
14.9,0,0
15.3,0,24
16.4,0,67
17.3,3,126
18.5,48,230
20.5,213,274
22.9,420,244
24.7,372,306
26.4,445,279
28.0,516,222
29.2,477,198
30.3,389,177
31.4,287,146
30.3,169,113
28.7,59,72
26.4,1,17
23.9,0,0
22.7,0,0
22.4,0,0
20.9,0,0
19.2,0,0
18.1,0,0
17.3,0,0
17.4,0,0
17.1,0,0
16.5,21,31
16.7,84,79
17.5,164,130
18.5,369,114
19.4,542,95
20.5,635,101
21.4,698,100
22.7,703,109
24.0,654,121
24.5,551,138
24.9,439,135
23.8,306,125
23.4,179,100
21.8,43,71
20.0,0,13
17.4,0,0
16.2,0,0
15.2,0,0
14.5,0,0
13.7,0,0
12.9,0,0
11.9,0,0
11.0,0,0
10.8,0,0
11.5,32,31
13.5,144,60
16.1,300,65
18.6,454,62
20.6,589,59
21.8,685,60
23.3,740,65
24.2,744,71
25.3,689,88
26.0,576,112
26.4,457,114
26.4,327,105
25.7,190,89
24.2,66,62
21.7,3,14
19.1,0,0
17.8,0,0
16.8,0,0
15.2,0,0
15.5,0,0
15.1,0,0
14.6,0,0
14.6,0,0
14.5,0,0
14.0,10,29
14.4,102,83
16.6,200,126
19.2,335,151
22.0,378,208
24.3,337,289
25.8,449,273
27.6,458,279
29.1,510,232
30.3,433,227
31.2,332,210
31.2,221,180
28.1,120,131
26.1,40,71
24.6,0,14
22.8,0,0
21.6,0,0
20.2,0,0
19.2,0,0
18.1,0,0
17.1,0,0
16.3,0,0
15.5,0,0
14.8,0,0
14.8,8,24
15.8,75,80
17.1,187,120
19.5,172,210
20.9,303,230
23.4,380,251
25.6,420,266
27.5,420,275
29.4,351,291
29.5,72,301
29.1,51,251
28.8,49,202
27.3,28,133
22.5,0,16
22.5,0,1
22.7,0,0
22.5,0,0
21.9,0,0
21.8,0,0
21.3,0,0
20.0,0,0
20.3,0,0
19.9,0,0
18.8,0,0
17.3,0,4
16.8,0,28
16.6,9,137
17.9,143,225
19.2,249,263
20.5,328,289
22.4,293,336
22.8,179,371
22.8,104,349
22.9,111,316
23.0,72,260
22.1,19,180
22.0,2,100
21.5,2,52
18.8,0,8
17.2,0,0
16.0,0,0
15.3,0,0
15.1,0,0
15.0,0,0
14.9,0,0
14.7,0,0
14.8,0,0
15.1,0,0
15.5,2,21
16.3,40,75
18.8,49,144
19.6,68,210
21.5,200,243
23.1,138,300
22.6,42,299
24.2,189,325
25.0,189,310
24.7,27,252
21.0,0,95
20.8,0,101
20.4,0,69
20.2,0,24
19.7,0,4
19.3,0,0
18.5,0,0
17.3,0,0
17.0,0,0
17.0,0,0
16.2,0,0
15.9,0,0
15.7,0,0
15.1,0,0
15.4,0,5
16.0,0,40
16.9,9,125
17.2,2,150
18.0,2,189
18.1,1,195
18.8,19,277
19.2,36,296
19.7,50,298
20.3,127,286
21.3,148,229
21.0,338,69
20.9,200,63
18.7,45,53
17.7,0,5
16.7,0,0
16.3,0,0
16.1,0,0
15.1,0,0
14.8,0,0
13.9,0,0
13.3,0,0
12.4,0,0
11.9,0,0
11.9,9,23
13.2,22,78
14.9,206,100
16.6,350,116
17.4,199,264
18.2,130,321
18.9,187,345
20.0,127,350
19.9,53,309
20.2,108,301
19.8,40,235
19.2,0,88
18.6,1,90
17.7,0,42
16.8,0,2
16.5,0,0
16.2,0,0
15.9,0,0
15.8,0,0
15.1,0,0
14.0,0,0
13.2,0,0
12.9,0,0
12.7,0,0
13.3,1,20
15.1,3,65
16.4,6,120
17.7,16,191
19.0,51,272
20.8,99,328
21.6,114,354
22.6,287,345
23.3,315,315
23.6,280,286
24.4,314,204
23.9,225,162
22.4,96,123
20.7,16,55
19.8,0,0
18.6,0,0
18.0,0,0
17.0,0,0
18.0,0,0
15.7,0,0
15.0,0,0
15.1,0,0
15.1,0,0
15.1,0,0
14.8,13,22
15.8,108,62
18.3,248,81
21.1,384,95
23.0,510,102
24.1,578,120
25.9,479,214
26.6,367,282
27.1,282,297
26.7,217,279
27.9,374,149
26.6,214,148
25.4,44,119
23.3,7,48
22.3,0,0
21.8,0,0
20.6,0,0
19.8,0,0
19.0,0,0
19.5,0,0
18.8,0,0
18.1,0,0
17.5,0,0
17.9,0,0
17.3,0,12
18.3,10,66
18.9,34,132
20.1,113,192
22.3,227,221
23.0,14,238
22.4,11,252
21.2,0,191
23.3,16,249
21.6,106,259
21.1,132,217
20.6,236,118
19.6,84,102
18.4,2,41
17.3,0,0
15.9,0,0
15.1,0,0
14.8,0,0
14.2,0,0
13.3,0,0
12.6,0,0
12.1,0,0
12.1,0,0
11.4,0,0
11.7,22,23
13.1,111,60
14.7,250,77
16.3,340,109
17.5,467,115
18.6,582,110
19.4,640,113
20.4,645,118
21.4,594,128
21.6,503,135
21.9,358,147
21.8,218,137
21.2,118,101
19.0,23,48
17.4,0,0
16.5,0,0
15.0,0,0
15.1,0,0
14.6,0,0
14.2,0,0
13.7,0,0
14.0,0,0
12.7,0,0
12.7,0,0
13.0,19,22
14.6,106,59
16.8,259,72
20.2,405,79
22.1,531,82
23.9,326,246
23.4,56,296
23.9,21,266
24.0,1,199
23.7,0,103
23.3,0,76
22.9,0,105
23.0,24,108
21.9,13,45
21.6,0,0
21.4,0,0
20.6,0,0
20.5,0,0
19.4,0,0
19.7,0,0
19.7,0,0
19.7,0,0
19.7,0,0
19.4,0,0
20.3,7,21
20.3,69,70
21.1,125,129
21.3,118,202
22.1,251,234
23.0,506,167
23.7,571,166
24.6,569,176
25.3,532,176
25.1,363,225
25.4,319,176
25.1,218,144
23.8,94,108
21.7,15,45
20.0,0,0
19.2,0,0
18.2,0,0
16.9,0,0
16.0,0,0
15.7,0,0
15.2,0,0
15.7,0,0
15.4,0,0
14.9,0,0
15.0,8,18
16.6,5,55
17.4,0,45
16.9,2,127
19.0,196,220
20.9,54,260
18.1,0,69
18.2,6,228
20.4,90,277
20.8,344,199
21.6,147,210
20.9,43,156
19.8,48,103
19.8,0,12
19.0,0,0
17.9,0,0
17.9,0,0
17.5,0,0
17.5,0,0
17.5,0,0
17.1,0,0
16.6,0,0
16.2,0,0
15.5,0,0
16.7,0,5
17.2,0,18
17.3,0,35
18.4,0,126
20.4,9,195
22.6,37,263
23.2,225,319
25.4,528,199
26.6,490,201
27.3,426,188
28.1,317,175
27.7,193,150
25.8,84,106
24.0,16,43
23.2,0,0
22.6,0,0
18.9,0,0
17.9,0,0
17.9,0,0
17.6,0,0
17.5,0,0
17.4,0,0
17.4,0,0
17.2,0,0
17.4,9,20
17.9,27,66
18.7,38,131
20.4,156,188
21.9,290,214
23.2,299,265
23.6,282,303
23.7,287,307
25.5,210,308
25.3,242,264
25.0,249,205
25.8,171,157
23.9,78,103
21.9,8,37
21.0,0,0
20.6,0,0
19.7,0,0
19.3,0,0
19.6,0,0
19.1,0,0
18.7,0,0
18.5,0,0
18.3,0,0
18.0,0,0
18.2,8,20
19.4,72,65
21.4,173,105
24.0,292,135
26.0,440,136
27.6,509,156
28.6,545,170
29.9,537,185
30.5,493,191
30.7,450,166
30.6,334,158
29.9,191,144
28.6,71,102
27.1,6,36
25.8,0,0
25.0,0,0
24.1,0,0
23.6,0,0
23.0,0,0
22.5,0,0
22.8,0,0
20.9,0,0
20.5,0,0
20.2,0,0
19.9,0,3
19.3,0,35
19.0,3,104
18.4,0,115
18.3,0,105
17.7,0,94
16.8,0,104
17.1,0,101
17.6,0,74
16.9,0,68
15.5,0,76
14.4,0,52
14.3,0,33
14.2,0,9
14.3,0,0
14.1,0,0
13.8,0,0
13.1,0,0
12.8,0,0
12.6,0,0
12.4,0,0
12.0,0,0
11.7,0,0
11.4,0,0
11.8,0,7
12.9,0,30
13.6,18,120
14.7,161,178
16.3,259,212
17.7,319,243
18.1,185,311
19.6,68,301
19.0,7,220
18.9,43,242
19.3,81,214
17.7,34,156
17.2,16,94
16.1,0,24
15.7,0,0
14.7,0,0
15.1,0,0
14.0,0,0
14.4,0,0
13.6,0,0
12.6,0,0
12.1,0,0
11.9,0,0
12.4,0,0
12.4,0,9
13.0,6,53
14.1,134,115
16.4,366,99
17.7,479,110
17.5,154,288
18.1,57,294
17.3,24,265
17.4,29,259
13.1,0,137
14.6,0,127
13.1,2,112
13.2,0,57
13.2,0,5
13.1,0,0
13.3,0,0
13.2,0,0
13.2,0,0
13.1,0,0
12.7,0,0
12.5,0,0
12.0,0,0
11.7,0,0
11.7,0,0
11.3,5,17
11.2,89,57
12.6,202,84
13.6,100,188
14.2,75,240
14.7,79,277
15.8,96,302
15.5,3,214
16.3,42,266
16.3,46,240
15.8,37,200
15.7,13,137
15.3,3,76
14.2,0,13
13.8,0,0
12.9,0,0
12.5,0,0
11.3,0,0
10.6,0,0
11.1,0,0
10.9,0,0
10.2,0,0
9.7,0,0
8.9,0,0
9.2,0,10
10.5,8,58
12.3,45,135
13.5,102,205
15.8,317,214
17.2,230,298
17.2,120,332
18.0,206,338
18.1,193,324
18.4,139,283
18.5,93,230
18.9,95,174
17.4,49,108
15.6,0,24
14.2,0,0
13.5,0,0
13.1,0,0
12.4,0,0
12.4,0,0
12.5,0,0
12.8,0,0
12.4,0,0
12.3,0,0
12.1,0,0
12.0,0,5
12.5,15,48
13.1,80,116
14.4,260,140
15.7,284,204
17.0,128,290
17.2,25,271
17.3,4,220
17.2,23,253
17.9,115,274
17.6,63,214
17.2,30,146
16.5,25,78
15.2,2,17
14.4,0,0
13.7,0,0
13.4,0,0
13.2,0,0
12.8,0,0
12.7,0,0
12.4,0,0
12.4,0,0
11.9,0,0
11.2,0,0
11.5,0,7
12.5,14,48
13.9,67,121
15.7,135,188
17.4,242,229
18.3,231,289
19.3,260,312
19.7,351,287
20.7,272,298
21.1,275,251
21.3,257,192
21.3,150,148
19.1,60,90
17.1,4,19
16.0,0,0
14.4,0,0
14.2,0,0
13.7,0,0
12.6,0,0
12.6,0,0
12.0,0,0
11.9,0,0
11.5,0,0
11.2,0,0
11.0,3,11
12.4,67,49
14.3,185,83
18.4,307,107
21.1,412,126
23.5,465,156
25.2,532,153
26.3,533,161
26.9,503,160
27.3,420,159
27.4,290,153
27.1,182,121
24.1,70,81
22.2,4,19
20.3,0,0
19.3,0,0
18.4,0,0
18.3,0,0
17.2,0,0
16.7,0,0
16.0,0,0
15.5,0,0
15.4,0,0
14.3,0,0
15.1,0,1
16.7,14,48
16.8,148,104
20.6,272,138
23.1,265,212
24.4,196,289
26.1,16,257
25.6,29,273
26.5,173,310
28.0,131,277
27.9,151,214
27.2,86,152
26.1,37,80
23.2,0,13
21.8,0,0
21.6,0,0
20.8,0,0
18.6,0,0
19.9,0,0
19.7,0,0
19.2,0,0
19.0,0,0
18.8,0,0
19.1,0,0
18.9,0,1
19.0,0,12
19.3,2,86
19.9,120,153
20.6,28,209
19.6,0,113
19.3,0,94
20.2,0,128
20.4,0,122
20.5,0,74
18.3,0,62
16.8,0,48
15.8,0,26
15.8,0,2
15.3,0,0
14.8,0,0
14.3,0,0
13.5,0,0
12.8,0,0
12.5,0,0
12.3,0,0
12.3,0,0
11.2,0,0
11.2,0,0
11.3,4,11
11.9,68,50
13.7,151,92
15.7,251,131
17.5,445,118
19.2,513,136
20.0,543,152
20.5,570,146
20.5,306,261
20.6,145,265
20.8,157,202
20.2,76,147
19.0,8,70
17.8,0,8
17.2,0,0
17.1,0,0
16.6,0,0
16.5,0,0
16.4,0,0
16.0,0,0
15.9,0,0
14.5,0,0
13.9,0,0
13.9,0,0
14.0,0,1
14.5,0,23
14.1,34,111
15.7,330,107
16.5,338,166
16.7,165,279
17.1,37,278
17.2,0,128
16.7,0,158
16.6,0,81
16.6,0,107
16.5,23,136
16.1,10,70
15.4,0,7
15.0,0,0
14.6,0,0
14.5,0,0
13.8,0,0
12.9,0,0
11.8,0,0
11.0,0,0
10.4,0,0
10.4,0,0
10.6,0,0
10.6,0,6
11.1,1,37
11.8,2,88
13.3,14,169
15.0,28,231
17.0,135,301
17.2,190,324
18.0,330,284
18.8,272,286
18.5,145,270
18.1,49,205
17.7,14,132
17.0,0,51
16.4,0,0
15.9,0,0
15.9,0,0
15.6,0,0
15.5,0,0
15.1,0,0
14.9,0,0
14.6,0,0
13.9,0,0
14.1,0,0
14.1,0,0
13.4,0,0
12.7,0,9
12.8,0,27
12.9,0,69
12.9,0,96
13.1,0,127
13.3,0,130
13.6,0,138
14.1,0,145
14.9,0,82
15.1,0,47
15.7,0,58
15.3,0,43
14.7,0,0
14.5,0,0
14.4,0,0
13.9,0,0
13.7,0,0
13.6,0,0
13.9,0,0
14.0,0,0
14.2,0,0
14.4,0,0
14.4,0,0
14.4,0,2
14.4,0,30
14.9,9,100
15.4,20,173
16.1,26,227
16.7,102,294
17.6,187,320
19.1,207,321
19.5,215,298
20.3,150,267
19.0,70,209
16.2,8,122
15.5,26,64
14.6,0,0
14.5,0,0
13.7,0,0
13.3,0,0
12.7,0,0
12.2,0,0
11.8,0,0
11.5,0,0
11.5,0,0
11.1,0,0
10.6,0,0
9.8,0,8
10.8,39,43
12.4,145,84
15.1,271,110
17.5,377,134
19.2,417,176
20.2,429,205
20.6,377,238
21.8,308,245
21.6,316,194
21.8,182,178
20.9,122,121
18.8,10,58
17.5,0,0
16.8,0,0
15.9,0,0
15.3,0,0
14.5,0,0
14.2,0,0
12.5,0,0
12.1,0,0
12.1,0,0
11.5,0,0
11.2,0,0
11.2,0,8
11.7,46,44
13.6,158,85
16.3,284,109
19.3,390,129
21.4,451,155
22.5,517,155
23.1,375,234
23.5,238,262
23.8,211,226
23.0,101,191
22.1,39,131
20.3,5,55
19.2,0,0
18.5,0,0
17.9,0,0
17.7,0,0
17.0,0,0
17.0,0,0
16.0,0,0
15.5,0,0
15.5,0,0
15.4,0,0
14.6,0,0
14.2,0,5
14.5,5,31
14.1,0,25
14.5,0,66
14.8,0,89
14.6,0,60
14.9,0,176
16.4,93,243
18.3,212,200
17.2,129,189
18.0,34,159
16.1,5,99
15.2,55,39
13.6,0,0
13.3,0,0
13.2,0,0
12.7,0,0
11.8,0,0
11.1,0,0
10.3,0,0
11.0,0,0
10.7,0,0
10.6,0,0
10.9,0,0
11.2,0,0
11.4,0,15
11.8,0,32
11.9,0,71
12.5,0,80
12.8,0,95
13.1,0,104
13.7,0,106
13.9,0,128
14.3,0,107
14.5,0,85
14.6,1,86
14.6,0,21
14.6,0,0
14.5,0,0
14.5,0,0
14.6,0,0
14.8,0,0
14.8,0,0
14.6,0,0
14.7,0,0
14.7,0,0
14.8,0,0
15.1,0,0
12.4,0,0
11.7,2,28
11.7,16,92
12.5,126,148
14.4,264,162
15.1,155,251
15.5,182,270
16.7,206,267
16.6,332,202
16.8,314,162
17.1,197,147
16.4,113,104
15.0,17,49
13.2,0,0
12.4,0,0
13.3,0,0
12.9,0,0
12.4,0,0
11.4,0,0
12.5,0,0
12.2,0,0
12.4,0,0
12.2,0,0
11.4,0,0
9.7,0,0
9.2,8,30
9.5,98,79
10.4,145,140
12.6,275,155
13.7,169,248
14.9,228,259
14.9,156,273
15.8,94,252
16.2,120,220
15.9,204,141
15.7,129,96
14.1,23,48
12.7,0,0
12.5,0,0
13.0,0,0
13.1,0,0
12.7,0,0
12.6,0,0
12.0,0,0
11.6,0,0
11.4,0,0
11.1,0,0
10.4,0,0
10.1,0,1
11.2,17,29
12.1,52,87
12.6,43,155
12.7,0,99
11.8,6,193
13.1,155,267
12.7,104,265
13.7,238,229
14.9,179,206
15.3,239,112
14.2,29,115
13.2,0,21
12.1,0,0
11.5,0,0
11.3,0,0
11.2,0,0
11.2,0,0
11.0,0,0
10.8,0,0
10.6,0,0
10.4,0,0
10.2,0,0
10.0,0,0
9.5,0,2
9.4,35,33
10.5,124,74
11.8,213,110
13.1,230,178
13.4,118,260
14.2,167,282
14.1,69,268
14.1,124,257
13.6,12,180
14.2,67,173
13.2,58,113
13.0,0,33
11.5,0,0
10.6,0,0
10.1,0,0
10.2,0,0
9.5,0,0
8.8,0,0
8.3,0,0
8.1,0,0
7.7,0,0
7.8,0,0
7.5,0,0
7.6,0,3
8.2,33,32
9.2,150,67
11.5,275,89
12.6,97,214
13.1,46,241
15.0,95,275
14.5,53,257
15.1,244,233
15.6,182,209
15.9,180,143
15.2,119,96
13.6,16,43
12.5,0,0
12.4,0,0
12.1,0,0
11.0,0,0
11.0,0,0
11.5,0,0
12.0,0,0
11.4,0,0
11.6,0,0
11.8,0,0
11.4,0,0
11.3,0,0
11.3,0,21
11.9,0,62
13.1,12,143
14.2,13,189
15.2,14,217
15.5,0,179
15.7,15,229
16.5,77,259
16.8,61,221
17.2,25,160
16.7,8,99
15.9,2,33
15.2,0,0
15.3,0,0
15.3,0,0
15.6,0,0
14.9,0,0
15.1,0,0
15.0,0,0
15.3,0,0
14.2,0,0
13.0,0,0
12.4,0,0
11.6,0,1
11.5,32,30
13.4,140,66
15.5,223,99
15.6,58,209
16.6,34,233
17.2,63,263
17.2,40,249
16.9,21,217
17.3,110,210
17.6,202,129
16.8,106,94
15.5,10,40
13.5,0,0
12.3,0,0
11.6,0,0
10.8,0,0
9.9,0,0
9.1,0,0
8.7,0,0
7.8,0,0
8.1,0,0
7.5,0,0
7.1,0,0
7.1,0,0
7.4,23,27
9.9,106,70
12.7,211,102
15.0,334,111
16.9,434,111
17.8,487,111
18.9,496,108
19.5,448,111
19.7,347,119
19.9,212,122
18.1,87,97
15.9,7,36
14.1,0,0
13.7,0,0
11.9,0,0
11.7,0,0
11.0,0,0
10.4,0,0
10.2,0,0
9.8,0,0
9.7,0,0
9.8,0,0
9.9,0,0
9.5,0,0
9.6,23,26
11.6,122,62
14.6,250,78
17.5,364,88
19.6,452,91
21.4,502,91
22.6,499,96
23.0,457,96
22.7,316,128
22.8,161,140
20.3,42,103
18.9,1,25
17.1,0,0
16.0,0,0
15.4,0,0
14.9,0,0
14.5,0,0
13.7,0,0
13.3,0,0
13.1,0,0
13.0,0,0
12.4,0,0
12.2,0,0
12.6,0,0
13.2,12,27
14.7,43,85
16.3,159,128
18.3,290,149
20.5,365,166
22.0,393,183
23.4,403,182
24.7,364,177
23.8,164,221
23.5,56,169
22.4,15,98
20.1,1,27
19.1,0,0
18.1,0,0
16.4,0,0
15.6,0,0
15.0,0,0
13.9,0,0
13.4,0,0
12.9,0,0
13.3,0,0
13.4,0,0
13.9,0,0
14.2,0,0
14.5,0,18
14.4,0,56
14.8,0,65
15.1,0,81
15.5,0,95
15.6,0,72
13.9,0,72
12.8,0,69
12.5,0,47
12.0,0,54
11.3,0,57
11.0,0,22
10.6,0,0
10.6,0,0
10.4,0,0
10.4,0,0
10.2,0,0
10.0,0,0
9.8,0,0
9.8,0,0
9.9,0,0
10.0,0,0
10.1,0,0
10.5,0,0
10.5,0,3
10.6,0,45
10.7,0,91
10.8,0,70
11.0,0,76
11.0,0,85
11.1,0,74
11.1,0,57
11.0,0,44
11.0,0,34
10.9,0,24
10.8,0,5
10.5,0,0
10.4,0,0
10.3,0,0
10.2,0,0
10.7,0,0
11.4,0,0
12.3,0,0
12.9,0,0
13.3,0,0
13.1,0,0
13.1,0,0
12.6,0,0
12.9,0,6
13.9,0,32
15.9,0,73
16.7,1,125
17.7,39,216
20.2,125,256
21.3,132,260
22.5,116,241
22.4,116,197
21.0,14,134
20.2,1,67
18.7,0,17
18.0,0,0
17.3,0,0
16.2,0,0
15.6,0,0
15.4,0,0
14.6,0,0
14.6,0,0
14.4,0,0
14.0,0,0
13.5,0,0
12.8,0,0
12.3,0,0
12.0,0,7
11.9,0,49
12.3,28,135
13.3,57,192
14.9,177,220
16.2,117,252
15.6,0,150
15.5,0,111
15.4,7,151
15.7,43,146
15.2,2,69
14.1,0,10
14.3,0,0
14.3,0,0
13.9,0,0
14.3,0,0
13.6,0,0
13.8,0,0
13.3,0,0
13.1,0,0
13.1,0,0
12.8,0,0
12.8,0,0
11.9,0,0
11.8,12,23
12.2,103,60
13.0,210,83
14.9,142,186
14.7,3,163
15.3,66,245
16.4,151,259
17.1,120,242
17.0,105,199
16.9,128,134
16.1,42,85
14.7,0,16
13.0,0,0
12.0,0,0
11.2,0,0
10.5,0,0
10.2,0,0
9.8,0,0
9.2,0,0
8.7,0,0
8.5,0,0
8.7,0,0
8.5,0,0
8.6,0,0
9.2,7,21
10.5,47,70
12.7,106,124
15.6,179,159
15.8,21,195
16.1,65,235
18.1,418,115
18.1,123,226
18.0,8,150
17.2,2,104
15.0,1,63
14.2,0,7
13.0,0,0
11.8,0,0
11.4,0,0
10.2,0,0
9.2,0,0
8.8,0,0
8.4,0,0
8.1,0,0
7.9,0,0
7.8,0,0
7.6,0,0
7.4,0,0
7.3,9,22
9.1,98,53
11.1,225,77
13.2,345,85
14.3,414,86
15.3,301,186
15.7,118,246
16.0,131,230
16.0,182,166
16.0,118,128
14.5,39,82
12.5,0,15
11.7,0,0
11.1,0,0
10.1,0,0
9.3,0,0
7.9,0,0
6.2,0,0
7.5,0,0
6.7,0,0
6.7,0,0
6.1,0,0
6.4,0,0
6.3,0,0
6.3,0,2
7.7,48,57
10.8,166,91
14.2,262,115
15.4,197,192
16.1,155,226
16.3,116,229
17.9,308,156
17.6,259,126
17.3,150,106
15.2,42,61
13.8,0,0
12.7,0,0
12.2,0,0
12.3,0,0
11.2,0,0
10.2,0,0
9.6,0,0
9.0,0,0
8.0,0,0
7.4,0,0
6.5,0,0
6.4,0,0
5.9,0,0
6.9,10,15
8.8,90,60
11.5,183,96
14.2,279,122
16.6,337,144
17.6,398,148
18.7,421,139
19.0,341,146
18.8,153,170
18.3,70,124
16.2,22,60
15.4,0,0
14.5,0,0
13.7,0,0
12.8,0,0
12.2,0,0
11.7,0,0
10.8,0,0
9.7,0,0
10.0,0,0
9.5,0,0
10.3,0,0
9.0,0,0
10.6,0,0
10.7,0,4
12.1,0,45
13.0,34,125
14.8,265,118
17.6,391,120
19.4,427,129
20.0,396,144
19.7,226,192
20.0,42,165
18.4,71,122
18.0,27,59
16.8,0,1
15.5,0,0
15.1,0,0
14.0,0,0
14.3,0,0
13.5,0,0
13.9,0,0
13.5,0,0
14.2,0,0
14.6,0,0
14.3,0,0
14.3,0,0
14.8,0,0
14.5,0,6
15.0,0,38
15.4,2,98
15.2,0,108
15.8,1,149
15.8,0,137
15.4,0,130
15.1,0,93
14.2,0,37
13.8,1,80
10.4,0,23
9.9,0,0
9.9,0,0
9.8,0,0
9.2,0,0
8.7,0,0
8.7,0,0
8.7,0,0
8.5,0,0
7.8,0,0
7.6,0,0
7.7,0,0
7.3,0,0
7.5,0,0
7.4,5,13
8.4,28,56
9.5,31,123
10.7,24,167
11.8,1,149
10.8,0,85
10.5,0,64
11.8,0,58
14.4,11,140
16.0,0,67
16.0,0,18
14.2,0,0
12.8,0,0
12.6,0,0
12.8,0,0
12.3,0,0
12.8,0,0
13.1,0,0
12.7,0,0
12.4,0,0
12.3,0,0
11.8,0,0
11.5,0,0
10.9,0,0
9.5,0,3
10.0,0,44
10.9,2,98
12.9,2,137
14.3,0,122
14.7,0,133
15.1,2,162
16.6,0,128
12.7,0,59
10.6,0,54
10.0,1,47
9.9,0,0
8.9,0,0
8.3,0,0
7.9,0,0
7.7,0,0
7.3,0,0
6.6,0,0
6.4,0,0
6.1,0,0
6.0,0,0
6.1,0,0
5.9,0,0
6.3,0,0
6.7,0,9
6.9,5,47
7.4,7,97
8.2,4,130
9.5,164,149
11.4,133,176
12.5,46,181
12.8,70,169
12.4,83,134
11.6,26,94
10.2,1,36
9.7,0,0
8.8,0,0
8.4,0,0
8.2,0,0
8.1,0,0
7.9,0,0
8.4,0,0
8.1,0,0
8.0,0,0
8.3,0,0
8.0,0,0
8.4,0,0
7.7,0,0
7.5,2,9
8.6,35,45
9.3,31,112
10.2,27,158
10.9,139,179
12.6,292,141
13.0,80,199
12.4,16,162
12.7,21,141
12.2,56,104
11.7,22,51
9.6,0,0
8.2,0,0
7.1,0,0
7.1,0,0
6.3,0,0
5.8,0,0
4.8,0,0
4.4,0,0
3.7,0,0
3.3,0,0
2.8,0,0
3.4,0,0
3.2,0,0
3.9,1,10
5.8,38,51
6.6,144,88
8.7,284,101
10.6,357,117
11.2,264,186
12.1,129,228
12.5,202,185
12.0,113,166
11.3,45,115
10.4,26,55
9.1,0,0
8.4,0,0
7.7,0,0
7.1,0,0
6.5,0,0
6.8,0,0
7.4,0,0
8.5,0,0
9.3,0,0
10.0,0,0
10.0,0,0
9.9,0,0
9.7,0,0
9.5,0,0
9.6,0,20
9.7,0,44
10.3,0,62
10.6,0,75
11.0,0,115
10.8,0,114
11.2,0,106
11.2,0,49
10.6,0,41
10.4,0,30
10.1,0,2
10.1,0,0
10.5,0,0
11.1,0,0
10.9,0,0
10.9,0,0
10.5,0,0
10.2,0,0
9.9,0,0
9.1,0,0
8.5,0,0
8.2,0,0
7.9,0,0
8.1,0,4
8.2,32,54
9.4,42,117
10.1,16,151
10.6,120,217
10.6,108,239
11.0,232,217
11.6,78,207
11.2,30,157
11.4,6,91
8.3,0,22
8.4,0,0
7.5,0,0
7.2,0,0
7.2,0,0
6.9,0,0
7.0,0,0
6.7,0,0
6.6,0,0
6.4,0,0
6.1,0,0
6.5,0,0
7.0,0,0
7.5,0,0
7.7,0,3
8.2,34,43
8.7,106,87
9.7,199,112
11.3,234,148
11.6,33,194
12.8,44,192
12.7,12,153
12.1,12,130
12.0,71,98
10.8,28,48
9.5,0,5
8.5,0,0
7.3,0,0
6.9,0,0
6.5,0,0
7.1,0,0
7.4,0,0
7.6,0,0
7.7,0,0
7.9,0,0
7.9,0,0
7.9,0,0
8.4,0,0
9.1,0,0
9.4,0,32
9.8,0,62
10.4,0,61
10.9,0,68
11.7,0,140
13.4,12,188
14.0,1,132
14.5,0,66
13.6,0,32
13.5,0,22
14.0,0,0
14.0,0,0
14.4,0,0
13.5,0,0
13.5,0,0
13.5,0,0
11.5,0,0
11.4,0,0
10.7,0,0
9.7,0,0
8.9,0,0
8.2,0,0
8.0,0,0
7.6,0,3
7.7,50,43
8.2,167,71
10.5,280,83
12.5,256,130
13.0,111,200
13.6,106,198
13.9,135,174
14.0,53,141
13.4,7,82
12.5,9,40
12.1,0,1
10.5,0,0
10.2,0,0
9.9,0,0
9.0,0,0
8.4,0,0
8.4,0,0
7.8,0,0
7.1,0,0
6.9,0,0
6.4,0,0
6.2,0,0
6.1,0,0
6.4,0,1
6.7,27,40
7.8,98,87
9.6,185,117
11.3,192,163
11.9,145,201
12.8,185,190
12.7,182,166
12.6,117,141
12.3,61,95
11.1,18,40
9.4,0,2
8.7,0,0
8.4,0,0
8.1,0,0
8.3,0,0
9.3,0,0
10.2,0,0
10.5,0,0
11.1,0,0
12.3,0,0
12.9,0,0
12.7,0,0
12.1,0,0
12.4,0,0
12.8,5,35
13.7,31,102
15.5,145,144
17.0,223,166
17.9,180,210
18.7,117,217
19.1,107,193
19.5,90,156
19.0,41,102
17.5,5,38
17.4,0,0
17.2,0,0
17.7,0,0
17.3,0,0
14.1,0,0
12.1,0,0
11.1,0,0
10.3,0,0
9.7,0,0
9.2,0,0
8.9,0,0
8.9,0,0
8.6,0,0
10.1,0,0
9.6,0,18
9.0,26,83
9.7,87,122
10.4,147,138
10.7,126,166
10.9,216,130
11.1,142,134
10.5,152,94
10.6,53,78
8.8,15,34
7.7,0,0
6.6,0,0
5.8,0,0
5.7,0,0
5.0,0,0
4.3,0,0
3.3,0,0
3.1,0,0
2.1,0,0
1.7,0,0
1.2,0,0
1.5,0,0
1.6,0,0
1.1,0,0
1.6,37,33
2.3,143,61
5.9,250,71
8.5,331,79
10.1,374,78
10.9,371,80
11.5,318,82
11.2,186,99
10.7,62,84
9.3,8,33
7.2,0,0
6.3,0,0
5.9,0,0
5.4,0,0
4.9,0,0
4.1,0,0
3.4,0,0
3.4,0,0
3.6,0,0
4.5,0,0
4.4,0,0
4.3,0,0
3.9,0,0
3.8,0,0
4.3,17,40
5.3,16,93
6.2,1,95
7.0,1,117
7.7,10,165
7.7,8,154
9.4,72,194
8.4,38,148
8.9,9,84
8.1,3,32
6.5,0,0
5.8,0,0
5.1,0,0
4.8,0,0
4.5,0,0
4.0,0,0
3.6,0,0
3.3,0,0
2.8,0,0
2.3,0,0
1.6,0,0
1.8,0,0
2.1,0,0
2.8,0,0
3.5,10,37
4.2,13,90
5.9,13,132
8.5,105,212
10.9,138,240
11.7,36,195
12.3,4,129
11.9,4,103
11.9,0,33
11.7,0,11
11.6,0,0
11.9,0,0
11.2,0,0
9.2,0,0
9.3,0,0
10.1,0,0
11.0,0,0
11.3,0,0
12.0,0,0
12.2,0,0
12.1,0,0
12.3,0,0
12.0,0,0
12.6,0,0
12.4,4,33
12.8,8,86
13.3,15,141
14.5,20,177
15.2,24,197
15.5,2,141
15.5,0,104
15.1,0,83
14.9,0,41
15.1,0,12
14.8,0,0
14.7,0,0
14.4,0,0
14.1,0,0
13.8,0,0
13.2,0,0
12.7,0,0
12.3,0,0
11.9,0,0
11.6,0,0
11.7,0,0
11.8,0,0
11.8,0,0
12.1,0,0
12.5,5,27
13.2,1,59
14.1,1,94
15.8,60,168
16.7,57,190
16.6,29,170
16.1,4,118
11.4,0,63
11.1,0,54
10.6,0,18
9.8,0,0
9.4,0,0
8.6,0,0
8.0,0,0
7.6,0,0
7.2,0,0
6.8,0,0
6.3,0,0
6.0,0,0
5.2,0,0
5.0,0,0
4.9,0,0
5.0,0,0
4.6,0,0
4.9,31,24
6.5,128,43
8.3,229,57
9.5,249,80
8.9,5,134
8.6,0,96
8.0,36,135
8.5,96,100
8.4,16,63
7.0,3,21
5.7,0,0
5.2,0,0
4.2,0,0
3.5,0,0
4.0,0,0
3.2,0,0
3.1,0,0
2.9,0,0
2.6,0,0
1.9,0,0
1.6,0,0
1.8,0,0
1.8,0,0
2.6,0,0
3.3,27,29
5.5,92,67
7.8,182,91
9.6,40,147
10.1,57,171
10.7,14,146
12.0,14,130
12.6,39,113
12.2,6,59
11.5,0,6
10.8,0,0
10.5,0,0
10.1,0,0
9.8,0,0
9.9,0,0
10.3,0,0
11.0,0,0
11.1,0,0
10.4,0,0
10.2,0,0
10.4,0,0
10.5,0,0
10.9,0,0
9.2,0,0
9.2,0,8
9.2,4,69
10.3,78,154
11.1,3,128
11.0,0,62
11.5,3,134
12.7,33,167
12.4,15,118
11.8,0,36
11.4,0,9
10.9,0,0
10.1,0,0
9.6,0,0
9.6,0,0
9.6,0,0
9.0,0,0
9.1,0,0
9.0,0,0
8.5,0,0
8.4,0,0
8.0,0,0
7.7,0,0
7.6,0,0
8.0,0,0
7.7,0,9
7.8,0,30
8.2,0,45
8.8,0,60
9.4,0,65
10.1,0,73
10.7,0,35
11.4,0,29
12.2,0,21
12.3,0,7
12.6,0,0
12.2,0,0
11.8,0,0
11.0,0,0
11.2,0,0
10.8,0,0
10.4,0,0
9.4,0,0
9.5,0,0
9.7,0,0
9.0,0,0
7.8,0,0
7.4,0,0
7.4,0,0
7.4,13,27
7.7,76,77
8.4,75,127
9.1,35,154
9.4,0,103
9.9,0,114
10.3,67,157
9.0,43,119
6.7,13,69
6.5,0,11
6.0,0,0
5.9,0,0
5.6,0,0
5.7,0,0
5.6,0,0
5.8,0,0
6.0,0,0
6.1,0,0
6.1,0,0
6.0,0,0
5.8,0,0
6.0,0,0
5.7,0,0
5.0,0,0
5.2,11,25
6.5,74,72
7.3,148,105
8.3,154,143
9.5,97,180
9.6,82,177
9.6,59,152
9.9,49,117
9.4,9,65
8.8,0,5
8.4,0,0
8.3,0,0
7.8,0,0
7.5,0,0
7.3,0,0
7.1,0,0
6.7,0,0
6.2,0,0
6.0,0,0
5.8,0,0
5.7,0,0
5.8,0,0
5.7,0,0
5.8,0,0
5.8,0,15
6.3,8,73
6.9,10,120
8.6,51,173
9.2,63,200
9.3,14,160
9.1,2,110
9.1,8,108
8.7,0,45
8.2,0,6
7.4,0,0
5.8,0,0
5.6,0,0
5.3,0,0
5.0,0,0
5.3,0,0
5.3,0,0
4.9,0,0
4.8,0,0
5.2,0,0
5.6,0,0
5.7,0,0
5.7,0,0
5.7,0,0
5.6,3,21
6.3,10,74
6.9,3,104
7.9,0,94
9.4,36,183
10.2,67,196
10.3,43,164
10.4,12,112
9.6,0,52
7.9,0,5
7.7,0,0
7.4,0,0
6.8,0,0
5.3,0,0
4.0,0,0
3.0,0,0
3.6,0,0
4.7,0,0
3.9,0,0
3.7,0,0
3.5,0,0
3.5,0,0
3.8,0,0
4.1,0,0
4.3,7,17
5.1,46,75
6.6,84,128
8.3,107,168
9.6,150,185
9.9,104,195
10.3,57,168
10.1,21,109
9.4,1,40
8.1,0,4
7.9,0,0
7.7,0,0
7.4,0,0
7.2,0,0
7.1,0,0
7.3,0,0
7.7,0,0
8.1,0,0
8.4,0,0
8.5,0,0
8.3,0,0
8.3,0,0
8.0,0,0
7.8,0,0
7.8,2,14
8.3,3,51
9.2,4,94
9.9,1,100
10.2,3,128
10.3,0,101
10.1,0,78
9.8,0,43
9.4,0,38
9.1,0,6
8.9,0,0
8.8,0,0
8.7,0,0
8.4,0,0
8.4,0,0
7.8,0,0
7.5,0,0
7.2,0,0
7.0,0,0
6.9,0,0
6.9,0,0
7.0,0,0
7.0,0,0
7.4,0,0
7.7,0,6
8.4,1,40
9.2,4,90
9.9,12,135
11.0,52,183
11.3,70,189
11.4,56,163
11.0,31,116
10.4,6,55
9.7,0,6
9.4,0,0
9.2,0,0
8.8,0,0
8.2,0,0
7.8,0,0
7.5,0,0
7.4,0,0
7.7,0,0
7.4,0,0
7.6,0,0
7.6,0,0
7.6,0,0
7.6,0,0
7.7,0,0
8.0,1,11
8.4,10,59
8.7,38,130
9.3,50,176
10.1,52,198
10.7,61,202
11.3,33,163
11.5,8,101
11.5,1,44
11.1,0,2
10.9,0,0
10.8,0,0
10.5,0,0
10.6,0,0
10.4,0,0
10.2,0,0
10.0,0,0
10.2,0,0
10.1,0,0
10.1,0,0
10.1,0,0
10.0,0,0
9.7,0,0
9.3,0,0
9.4,0,1
10.5,0,23
11.7,17,110
12.7,14,137
14.0,33,171
14.2,0,87
13.5,0,55
13.2,0,71
13.2,6,53
11.9,0,9
11.2,0,0
11.2,0,0
11.2,0,0
11.4,0,0
11.4,0,0
11.1,0,0
11.0,0,0
10.6,0,0
10.5,0,0
10.6,0,0
10.4,0,0
10.3,0,0
10.4,0,0
10.1,0,0
9.2,6,11
8.2,68,52
9.8,154,81
11.2,215,103
11.0,144,143
11.1,0,102
11.2,40,133
10.5,14,94
10.0,0,17
9.6,0,0
8.4,0,0
7.7,0,0
7.3,0,0
6.7,0,0
6.3,0,0
6.0,0,0
6.0,0,0
6.4,0,0
6.4,0,0
6.3,0,0
6.5,0,0
6.8,0,0
6.8,0,0
6.8,0,0
6.9,0,5
7.3,2,39
7.6,33,96
7.5,16,119
8.8,92,138
9.3,54,140
9.4,12,115
8.7,4,79
7.8,11,49
6.4,0,8
5.3,0,0
4.9,0,0
6.1,0,0
6.3,0,0
6.1,0,0
5.8,0,0
5.8,0,0
5.8,0,0
5.9,0,0
5.3,0,0
5.4,0,0
5.3,0,0
5.2,0,0
4.9,0,0
4.6,8,6
5.1,40,25
5.7,6,73
6.2,0,77
6.8,0,75
7.5,0,60
7.6,30,99
7.1,19,74
6.6,0,33
6.1,0,6
5.3,0,0
5.4,0,0
4.4,0,0
3.5,0,0
1.8,0,0
1.7,0,0
1.5,0,0
1.6,0,0
1.2,0,0
1.4,0,0
1.3,0,0
0.8,0,0
-0.8,0,0
-0.3,0,0
0.3,0,6
1.8,23,48
2.6,115,91
3.8,46,133
4.3,7,126
4.6,42,146
4.5,8,109
4.3,0,41
3.8,0,25
3.4,0,3
3.3,0,0
3.3,0,0
3.0,0,0
3.2,0,0
3.2,0,0
2.7,0,0
2.9,0,0
2.6,0,0
2.4,0,0
2.3,0,0
2.5,0,0
2.4,0,0
2.6,0,0
2.6,0,0
2.8,0,1
3.0,0,25
3.2,0,47
3.3,0,46
3.6,0,43
3.8,0,27
4.1,0,32
4.4,0,18
4.9,0,14
5.3,0,0
5.8,0,0
6.1,0,0
6.5,0,0
6.7,0,0
6.9,0,0
7.0,0,0
7.0,0,0
7.1,0,0
5.0,0,0
4.6,0,0
4.3,0,0
3.2,0,0
3.2,0,0
3.2,0,0
3.4,0,4
3.6,1,39
4.1,40,110
5.1,68,156
5.1,17,145
5.3,10,131
5.9,43,146
6.1,44,111
5.1,10,47
3.3,0,4
2.7,0,0
2.4,0,0
1.7,0,0
1.2,0,0
1.7,0,0
1.1,0,0
1.5,0,0
1.5,0,0
2.2,0,0
2.2,0,0
2.2,0,0
1.2,0,0
0.8,0,0
-0.2,0,0
0.5,0,3
0.4,5,31
1.2,11,68
1.9,0,78
2.2,0,76
2.7,0,53
3.2,0,59
3.4,5,61
3.4,0,16
3.1,0,1
2.9,0,0
3.0,0,0
2.8,0,0
2.6,0,0
2.3,0,0
2.0,0,0
1.7,0,0
1.6,0,0
1.4,0,0
1.3,0,0
1.5,0,0
1.5,0,0
1.6,0,0
2.0,0,0
2.2,0,3
2.4,3,39
3.1,1,71
4.1,11,121
5.6,14,141
6.2,1,102
6.0,0,62
5.4,0,31
5.1,0,21
4.8,0,0
4.8,0,0
4.1,0,0
4.2,0,0
4.1,0,0
3.9,0,0
3.8,0,0
4.1,0,0
4.4,0,0
5.0,0,0
5.5,0,0
6.0,0,0
5.8,0,0
5.7,0,0
4.8,0,0
4.3,0,5
4.8,18,42
4.7,75,86
5.5,153,105
5.9,115,140
6.7,57,144
6.1,60,124
5.9,57,89
6.0,17,41
2.5,0,0
1.9,0,0
2.6,0,0
1.7,0,0
1.2,0,0
0.6,0,0
0.3,0,0
-0.1,0,0
-0.3,0,0
-0.6,0,0
-0.9,0,0
-1.2,0,0
-1.3,0,0
-1.7,0,0
-1.5,0,0
-1.7,0,3
-0.8,12,37
-0.2,19,81
0.1,5,95
0.6,0,82
1.0,0,63
1.3,0,70
1.4,1,60
1.5,0,24
1.8,0,0
1.7,0,0
1.0,0,0
0.3,0,0
-0.1,0,0
-0.1,0,0
-0.3,0,0
-0.3,0,0
-0.2,0,0
-0.4,0,0
-0.1,0,0
-0.3,0,0
-0.3,0,0
0.5,0,0
1.1,0,0
1.3,0,2
2.1,20,42
3.2,94,86
4.1,13,110
4.4,0,55
4.5,0,41
4.7,0,29
4.4,0,21
4.8,0,13
4.9,0,0
5.1,0,0
5.4,0,0
5.5,0,0
5.9,0,0
6.2,0,0
6.3,0,0
6.2,0,0
6.3,0,0
6.3,0,0
6.4,0,0
6.5,0,0
6.9,0,0
7.1,0,0
7.0,0,0
6.8,0,0
7.0,6,34
7.6,43,83
7.6,98,111
8.5,158,117
8.8,26,129
7.7,0,33
6.6,0,49
6.4,0,25
6.5,0,0
5.7,0,0
5.3,0,0
5.9,0,0
6.2,0,0
6.6,0,0
6.1,0,0
5.7,0,0
5.7,0,0
5.7,0,0
5.6,0,0
5.5,0,0
5.5,0,0
5.5,0,0
5.6,0,0
6.3,0,0
8.1,0,16
8.4,0,33
8.7,0,37
8.8,0,39
8.9,0,28
9.0,0,29
9.4,0,21
9.9,0,10
10.2,0,0
10.4,0,0
10.5,0,0
10.5,0,0
10.7,0,0
10.9,0,0
11.0,0,0
11.0,0,0
10.7,0,0
11.0,0,0
11.2,0,0
10.8,0,0
11.2,0,0
10.8,0,0
9.5,0,0
9.1,0,0
8.7,0,14
8.4,4,71
8.7,23,129
8.4,16,138
8.5,9,125
8.3,3,90
7.9,0,42
6.9,0,21
6.0,0,0
4.2,0,0
3.4,0,0
3.3,0,0
3.4,0,0
3.4,0,0
2.8,0,0
2.4,0,0
2.3,0,0
2.0,0,0
1.3,0,0
0.5,0,0
0.3,0,0
0.4,0,0
0.4,0,0
0.5,0,0
0.7,0,16
1.0,1,50
1.4,40,106
2.1,139,101
2.5,192,82
2.6,150,79
2.2,54,69
1.5,1,24
0.4,0,0
0.0,0,0
-0.1,0,0
-0.1,0,0
-0.1,0,0
-0.2,0,0
-0.1,0,0
0.2,0,0
0.5,0,0
0.5,0,0
0.8,0,0
0.7,0,0
0.9,0,0
1.0,0,0
0.7,0,0
0.8,0,0
1.2,0,19
1.2,0,45
1.5,0,31
1.9,0,40
2.2,0,47
2.2,0,43
2.1,2,60
2.3,1,24
1.9,0,0
1.9,0,0
2.0,0,0
1.8,0,0
1.6,0,0
1.3,0,0
1.3,0,0
1.4,0,0
1.7,0,0
2.0,0,0
2.3,0,0
2.2,0,0
2.0,0,0
1.9,0,0
1.7,0,0
2.0,0,0
3.2,0,22
4.4,19,88
5.3,46,139
7.2,6,120
6.7,0,86
7.0,0,64
7.1,0,46
7.1,0,14
6.7,0,0
6.1,0,0
5.8,0,0
5.5,0,0
5.3,0,0
5.2,0,0
5.1,0,0
5.0,0,0
4.9,0,0
4.7,0,0
4.3,0,0
4.2,0,0
4.0,0,0
4.1,0,0
3.8,0,0
3.9,0,0
4.5,0,18
4.9,0,34
5.4,0,57
6.3,0,59
6.8,0,66
7.4,0,48
7.7,1,56
7.5,0,13
7.3,0,0
6.6,0,0
6.1,0,0
5.8,0,0
5.1,0,0
4.5,0,0
3.4,0,0
3.2,0,0
3.3,0,0
3.4,0,0
3.1,0,0
3.0,0,0
2.9,0,0
3.1,0,0
3.4,0,0
3.7,0,0
3.4,0,18
3.6,10,61
4.7,115,69
5.1,72,110
4.7,16,110
3.9,1,75
3.5,0,30
2.9,0,3
0.9,0,0
0.2,0,0
-0.4,0,0
-0.7,0,0
-1.2,0,0
-1.0,0,0
-0.9,0,0
-0.6,0,0
-0.6,0,0
-0.2,0,0
0.6,0,0
0.2,0,0
0.1,0,0
0.5,0,0
1.1,0,0
1.6,0,0
2.5,6,24
3.9,50,63
5.2,3,82
5.9,7,104
6.9,0,51
7.2,0,31
7.0,0,31
6.9,0,4
6.0,0,0
5.4,0,0
4.9,0,0
4.3,0,0
4.1,0,0
3.2,0,0
3.0,0,0
3.2,0,0
2.8,0,0
2.5,0,0
2.6,0,0
1.8,0,0
1.1,0,0
1.5,0,0
1.3,0,0
0.6,0,0
0.9,16,28
1.7,82,64
2.3,102,94
3.0,74,123
3.4,118,114
4.2,58,109
3.7,13,68
3.2,0,13
2.7,0,0
1.8,0,0
1.2,0,0
0.8,0,0
0.8,0,0
0.9,0,0
0.5,0,0
0.2,0,0
0.0,0,0
-0.1,0,0
-0.3,0,0
-0.3,0,0
-0.4,0,0
-0.7,0,0
-1.0,0,0
-1.2,0,0
-0.5,3,22
0.1,2,50
1.2,20,96
2.0,75,114
3.1,137,94
3.0,48,101
2.4,15,66
2.1,0,16
1.2,0,0
0.7,0,0
0.8,0,0
0.1,0,0
-0.9,0,0
-1.3,0,0
-1.9,0,0
-2.6,0,0
-2.8,0,0
-3.2,0,0
-3.6,0,0
-3.6,0,0
-3.1,0,0
-2.8,0,0
-3.5,0,0
-3.3,0,0
-2.3,0,17
-1.5,18,68
-0.2,57,106
2.0,46,129
3.1,61,129
2.7,35,109
2.5,9,65
1.9,0,8
1.7,0,0
1.7,0,0
1.3,0,0
1.3,0,0
1.1,0,0
1.6,0,0
1.3,0,0
1.1,0,0
0.4,0,0
0.0,0,0
-0.3,0,0
-0.6,0,0
-0.7,0,0
-0.8,0,0
-0.7,0,0
-0.6,0,0
-0.3,1,22
0.4,9,64
1.5,19,100
2.3,33,126
3.5,13,114
3.8,0,51
3.5,0,36
2.9,0,11
3.2,0,0
3.5,0,0
3.5,0,0
3.2,0,0
2.9,0,0
3.1,0,0
3.3,0,0
3.2,0,0
3.4,0,0
3.4,0,0
3.6,0,0
3.9,0,0
4.2,0,0
4.5,0,0
4.3,0,0
4.5,0,0
4.6,0,18
5.2,1,55
5.4,0,48
5.6,0,45
6.2,0,72
6.8,0,60
7.0,0,27
6.6,0,15
5.9,0,0
5.5,0,0
5.7,0,0
5.9,0,0
5.7,0,0
5.4,0,0
5.1,0,0
5.1,0,0
5.3,0,0
5.5,0,0
5.7,0,0
5.9,0,0
6.1,0,0
6.3,0,0
6.3,0,0
6.5,0,0
6.6,0,4
6.9,0,16
7.1,0,25
7.4,0,35
7.9,0,74
8.1,32,107
8.3,14,65
7.7,0,15
7.3,0,0
6.4,0,0
6.2,0,0
5.9,0,0
5.7,0,0
5.5,0,0
5.0,0,0
4.4,0,0
3.9,0,0
3.6,0,0
3.5,0,0
3.9,0,0
4.1,0,0
4.7,0,0
4.9,0,0
5.0,0,0
5.2,0,11
5.7,0,30
6.1,0,35
6.5,0,68
6.7,3,88
7.0,2,73
7.1,0,42
6.9,0,8
6.8,0,0
6.4,0,0
6.2,0,0
6.2,0,0
6.4,0,0
6.5,0,0
6.2,0,0
6.1,0,0
6.0,0,0
6.0,0,0
5.9,0,0
5.7,0,0
5.9,0,0
5.6,0,0
5.2,0,0
5.3,0,0
5.2,0,8
5.3,0,23
5.3,0,23
5.4,0,21
5.3,0,21
5.1,0,18
5.1,0,16
5.1,0,4
5.1,0,0
5.3,0,0
5.3,0,0
5.6,0,0
5.3,0,0
5.4,0,0
5.4,0,0
5.5,0,0
5.5,0,0
5.4,0,0
5.4,0,0
5.4,0,0
5.3,0,0
5.0,0,0
4.8,0,0
4.6,0,0
4.4,0,6
4.4,1,42
4.3,0,47
4.1,0,32
4.2,0,28
4.2,0,35
4.0,0,43
3.6,0,17
3.6,0,0
3.2,0,0
3.1,0,0
2.9,0,0
2.9,0,0
2.9,0,0
2.7,0,0
2.7,0,0
2.9,0,0
2.9,0,0
3.1,0,0
3.3,0,0
3.3,0,0
3.2,0,0
3.3,0,0
3.3,0,0
3.4,0,8
3.6,0,26
3.9,0,57
4.3,0,38
4.5,0,36
5.0,0,28
5.2,0,23
5.5,0,8
5.5,0,0
5.5,0,0
5.6,0,0
5.9,0,0
6.2,0,0
6.4,0,0
6.5,0,0
6.6,0,0
7.2,0,0
7.3,0,0
7.6,0,0
7.7,0,0
8.2,0,0
7.2,0,0
6.6,0,0
3.9,0,0
4.2,1,12
3.2,54,52
3.9,113,77
4.4,136,92
4.4,125,96
4.1,87,88
4.0,39,61
3.7,0,14
3.4,0,0
2.6,0,0
2.0,0,0
1.3,0,0
0.1,0,0
-0.1,0,0
1.0,0,0
0.5,0,0
-0.5,0,0
-0.9,0,0
-1.5,0,0
-2.2,0,0
-2.5,0,0
-3.0,0,0
-3.4,0,0
-4.0,0,0
-4.1,8,12
-2.8,69,45
-1.4,128,65
0.6,162,74
1.8,156,77
1.5,117,73
0.9,45,56
0.0,2,17
-1.9,0,0
-2.3,0,0
-2.7,0,0
-3.1,0,0
-3.7,0,0
-4.1,0,0
-4.1,0,0
-4.2,0,0
-4.1,0,0
-4.3,0,0
-3.7,0,0
-3.0,0,0
-2.6,0,0
-2.2,0,0
-1.7,0,0
-1.5,0,0
-1.5,5,5
-1.4,15,30
-1.1,0,40
-0.5,0,41
0.0,0,42
0.5,0,40
0.8,0,30
0.7,0,5
0.6,0,0
0.8,0,0
1.0,0,0
0.5,0,0
-0.2,0,0
-0.8,0,0
-1.8,0,0
-1.8,0,0
-2.7,0,0
-2.8,0,0
-3.6,0,0
-3.7,0,0
-3.8,0,0
-4.0,0,0
-4.1,0,0
-4.3,0,0
-4.0,9,10
-2.7,73,35
-0.5,135,49
0.7,172,55
2.2,171,57
2.4,135,54
1.6,66,45
0.2,18,19
-0.5,0,0
-0.9,0,0
-1.1,0,0
-1.2,0,0
-1.4,0,0
-1.6,0,0
-1.8,0,0
-1.6,0,0
-1.6,0,0
-1.7,0,0
-1.9,0,0
-2.1,0,0
-2.4,0,0
-2.6,0,0
-2.1,0,0
-1.9,0,0
-1.8,8,10
-0.3,64,40
1.3,125,57
3.4,156,67
5.3,149,71
5.4,118,66
5.0,55,50
3.5,6,17
2.7,0,0
2.3,0,0
2.3,0,0
1.6,0,0
1.2,0,0
0.5,0,0
0.1,0,0
0.0,0,0
-0.5,0,0
-0.6,0,0
-0.8,0,0
-1.1,0,0
-0.8,0,0
-1.1,0,0
-1.5,0,0
-1.5,0,0
-1.3,6,11
-0.7,47,51
0.7,91,80
2.1,109,95
3.0,83,105
2.7,76,88
2.6,44,59
1.8,3,17
1.3,0,0
0.8,0,0
0.2,0,0
0.0,0,0
0.5,0,0
0.8,0,0
1.2,0,0
1.5,0,0
1.4,0,0
1.6,0,0
1.3,0,0
1.2,0,0
1.6,0,0
1.3,0,0
1.3,0,0
1.4,0,0
1.6,0,6
2.1,5,29
2.5,0,48
2.8,0,35
3.2,0,35
3.0,0,47
2.6,10,35
2.2,15,4
1.9,0,0
1.7,0,0
1.1,0,0
0.6,0,0
0.1,0,0
-0.1,0,0
-0.7,0,0
-1.3,0,0
-2.1,0,0
-2.8,0,0
-3.4,0,0
-3.7,0,0
-4.2,0,0
-4.8,0,0
-6.3,0,0
-6.7,0,0
-7.2,3,14
-6.2,37,57
-4.7,63,93
-4.0,42,118
-3.4,13,102
-3.6,1,65
-3.7,0,32
-3.8,0,6
-3.8,0,0
-4.0,0,0
-4.0,0,0
-4.1,0,0
-4.2,0,0
-4.2,0,0
-4.2,0,0
-4.6,0,0
-4.4,0,0
-4.2,0,0
-4.4,0,0
-4.2,0,0
-4.3,0,0
-4.2,0,0
-4.1,0,0
-4.1,0,0
-3.8,0,8
-3.5,3,39
-3.3,3,76
-2.7,10,108
-2.5,22,126
-2.1,16,101
-2.4,3,53
-2.2,0,2
-2.3,0,0
-2.5,0,0
-2.7,0,0
-3.4,0,0
-3.9,0,0
-4.7,0,0
-4.3,0,0
-4.1,0,0
-4.7,0,0
-5.2,0,0
-4.5,0,0
-4.2,0,0
-4.1,0,0
-4.0,0,0
-4.1,0,0
-3.9,0,0
-3.5,0,7
-3.1,0,29
-2.7,0,34
-1.8,0,62
-1.2,2,79
-0.7,9,82
-1.1,27,63
-1.9,1,16
-2.2,0,0
-1.7,0,0
-2.0,0,0
-1.5,0,0
-1.2,0,0
-1.0,0,0
-0.8,0,0
-0.4,0,0
-0.3,0,0
-0.2,0,0
0.0,0,0
0.2,0,0
0.5,0,0
0.9,0,0
1.2,0,0
1.5,0,0
1.9,2,15
2.2,6,40
3.0,0,56
3.5,1,78
3.9,4,95
3.9,0,38
3.9,0,10
3.7,0,2
3.5,0,0
3.4,0,0
3.4,0,0
2.9,0,0
3.5,0,0
3.1,0,0
3.3,0,0
3.4,0,0
3.4,0,0
2.9,0,0
2.6,0,0
2.6,0,0
2.6,0,0
2.3,0,0
2.5,0,0
2.6,0,0
2.9,0,6
2.9,3,30
3.7,0,38
3.8,0,57
4.1,3,71
4.5,3,61
4.3,0,33
4.2,0,11
4.1,0,0
4.1,0,0
4.1,0,0
4.2,0,0
4.1,0,0
3.8,0,0
3.5,0,0
3.1,0,0
3.2,0,0
3.2,0,0
3.1,0,0
2.4,0,0
2.3,0,0
2.0,0,0
1.7,0,0
1.8,0,0
2.3,0,0
2.4,5,37
3.0,37,105
4.0,54,133
4.4,24,123
4.4,2,73
3.9,0,44
3.8,0,5
3.9,0,0
3.8,0,0
3.8,0,0
3.3,0,0
3.2,0,0
2.9,0,0
2.6,0,0
2.6,0,0
2.4,0,0
2.1,0,0
2.0,0,0
1.8,0,0
1.6,0,0
1.6,0,0
1.6,0,0
1.6,0,0
1.6,0,9
1.8,1,33
2.4,0,49
3.1,1,78
3.3,4,92
3.2,0,53
3.3,0,11
3.1,0,2
2.8,0,0
2.4,0,0
2.3,0,0
2.2,0,0
2.1,0,0
1.8,0,0
1.8,0,0
1.7,0,0
1.7,0,0
1.5,0,0
1.4,0,0
1.4,0,0
1.1,0,0
1.1,0,0
1.3,0,0
1.2,0,0
1.3,0,7
1.4,2,34
1.7,0,41
1.8,0,43
1.8,0,47
2.1,0,40
2.1,0,20
2.0,0,2
1.9,0,0
1.9,0,0
2.0,0,0
2.1,0,0
2.1,0,0
1.8,0,0
1.7,0,0
1.5,0,0
1.5,0,0
1.5,0,0
1.5,0,0
1.4,0,0
1.4,0,0
1.2,0,0
1.1,0,0
1.2,0,0
1.1,0,8
1.1,13,29
1.3,0,39
1.6,0,39
1.6,0,35
1.9,0,24
1.8,0,28
1.5,0,11
1.0,0,0
0.6,0,0
0.3,0,0
0.2,0,0
0.1,0,0
-0.1,0,0
-0.2,0,0
-0.4,0,0
-0.6,0,0
-1.0,0,0
-1.4,0,0
-1.8,0,0
-2.4,0,0
-2.8,0,0
-3.2,0,0
-3.3,0,0
-3.3,0,2
-3.3,0,23
-3.1,0,25
-3.1,0,27
-3.2,0,34
-3.4,0,37
-3.5,0,10
-3.8,0,1
-3.9,0,0
-4.0,0,0
-4.0,0,0
-3.8,0,0
-3.8,0,0
-3.7,0,0
-3.4,0,0
-3.0,0,0
-2.6,0,0
-2.4,0,0
-2.3,0,0
-2.8,0,0
-3.1,0,0
-3.9,0,0
-4.2,0,0
-4.7,0,0
-4.8,0,5
-4.1,18,37
-3.5,51,66
-2.6,65,85
-1.9,70,87
-2.0,28,82
-2.3,69,37
-3.1,9,17
-3.2,0,0
-3.6,0,0
-3.7,0,0
-4.2,0,0
-4.6,0,0
-4.8,0,0
-5.0,0,0
-5.2,0,0
-5.4,0,0
-5.5,0,0
-5.7,0,0
-5.4,0,0
-5.1,0,0
-5.2,0,0
-5.3,0,0
-5.4,0,0
-5.2,0,4
-4.7,1,38
-4.2,7,82
-3.7,7,105
-3.4,4,99
-3.3,7,92
-3.3,2,55
-3.4,0,5
-3.6,0,0
-4.0,0,0
-4.1,0,0
-4.4,0,0
-4.5,0,0
-4.7,0,0
-4.5,0,0
-4.7,0,0
-4.6,0,0
-4.7,0,0
-4.6,0,0
-4.8,0,0
-4.8,0,0
-4.6,0,0
-4.9,0,0
-5.0,0,0
-4.7,0,3
-4.6,2,36
-4.2,1,62
-3.6,0,64
-3.2,2,84
-2.7,4,82
-2.5,1,50
-2.4,0,6
-2.1,0,0
-1.8,0,0
-1.5,0,0
-1.4,0,0
-1.5,0,0
-1.4,0,0
-1.1,0,0
-1.0,0,0
-0.7,0,0
-0.5,0,0
-0.3,0,0
-0.2,0,0
0.0,0,0
0.4,0,0
0.7,0,0
0.7,0,0
0.9,0,5
1.2,21,46
1.5,73,86
2.2,98,106
2.3,65,114
1.5,23,97
0.8,0,46
0.4,0,5
-0.5,0,0
-0.6,0,0
-0.8,0,0
-0.8,0,0
-1.0,0,0
-0.6,0,0
-0.2,0,0
0.0,0,0
0.3,0,0
0.8,0,0
1.0,0,0
0.6,0,0
0.9,0,0
0.9,0,0
0.4,0,0
0.4,0,0
0.2,1,8
0.9,15,47
1.2,19,84
2.2,32,112
2.3,14,107
2.6,0,58
2.7,0,37
2.7,0,10
2.5,0,0
2.3,0,0
2.1,0,0
2.1,0,0
2.1,0,0
1.9,0,0
1.8,0,0
1.5,0,0
1.2,0,0
1.1,0,0
1.1,0,0
1.1,0,0
1.1,0,0
1.1,0,0
1.1,0,0
1.3,0,0
1.3,0,0
2.2,0,20
2.9,16,83
3.1,16,105
3.4,2,86
3.9,13,94
3.8,0,44
3.3,0,5
3.0,0,0
3.4,0,0
3.5,0,0
3.9,0,0
4.2,0,0
3.9,0,0
4.8,0,0
5.1,0,0
5.0,0,0
5.4,0,0
5.4,0,0
5.0,0,0
5.7,0,0
5.9,0,0
6.2,0,0
5.9,0,0
5.5,0,4
5.8,12,45
6.4,15,83
6.4,0,48
6.6,0,51
6.7,0,50
7.0,2,52
6.8,1,18
5.7,0,0
5.4,0,0
5.1,0,0
4.3,0,0
3.5,0,0
3.6,0,0
3.1,0,0
3.1,0,0
3.2,0,0
3.4,0,0
3.5,0,0
3.5,0,0
3.6,0,0
3.5,0,0
3.7,0,0
3.1,0,0
2.5,0,0
1.4,0,19
0.2,0,40
0.2,0,29
0.2,0,25
0.3,0,20
0.4,0,16
0.1,0,7
0.0,0,0
-0.4,0,0
-0.8,0,0
-1.2,0,0
-1.4,0,0
-1.5,0,0
-1.4,0,0
-1.7,0,0
-2.1,0,0
-2.2,0,0
-2.4,0,0
-2.6,0,0
-2.9,0,0
-3.2,0,0
-3.6,0,0
-4.2,0,0
-4.7,2,7
-4.2,67,21
-3.8,134,28
-3.1,171,35
-2.7,150,46
-2.9,126,42
-3.1,78,33
-3.9,9,17
-5.6,0,0
-6.8,0,0
-7.1,0,0
-7.5,0,0
-8.0,0,0
-8.6,0,0
-7.8,0,0
-6.5,0,0
